Uses (Instagram),Uses (TikTok),Uses (X/Twitter),Uses (Reddit),Uses (YouTube),Uses (Facebook),Uses (Snapchat),Uses (TV),"Uses (Podcasts (Spotify, Apple, etc.))",Uses (Printed Newspapers/Magazines),"Uses (Online News Websites (NY Post, NY Times, CNN, etc.))",Uses (Text (news via messaging)),Uses (Other),Which platforms do you use to stay informed? (Select all that apply) - Other - Text,Interested (Local/NYC News),Interested (U.S. Government & Politics),Interested (International),Interested (Finance/Business),Interested (Entertainment & Celebrity Events),Interested (Sports),Interested (Health & Wellness),Interested (Lifestyle/Human Interest),Interested (Editorial/Opinion),Interested (Technology),Interested (Other),Reason (Social media already covers my news),"Reason (Cost & ads get in the way (paywalls, heavy ad load))","Reason (Time & format/access don’t fit me (too long, not snackable, hard on mobile))",Reason (Content doesn’t feel relevant),Reason (I don’t trust mainstream outlets),Familiar (The New York Times),Familiar (The New York Daily News),Familiar (The New York Post),Familiar (Newsday),Familiar (The Wall Street Journal),Satisfaction (The New York Times),Satisfaction (The New York Daily News),Satisfaction (The New York Post),Satisfaction (Newsday),Satisfaction (The Wall Street Journal),Satisfaction (Other),"For each outlet that you use, how satisfied are you with their app or digital platform? - Other - Text",Sports (New York Yankees),Sports (New York Mets),Sports (New York Knicks),Sports (New York Nets),Sports (New York Liberty),Sports (New York Giants),Sports (New York Jets),Sports (Buffalo Bills),Sports (New York Islanders),Sports (New York Rangers),Sports (St. Johns Men's Basketball),Sports (St. John's Women's Basketball),Sports (New York City FC),Sports (New York Redbulls),Sports (Other),Which New York sports team(s) are you a fan of? - Other - Text,Features (Topic & local personalization),Features (Push alerts you control),Features (Short-form video stories/recaps),Features (Faster load),Features (Ad-lite),Features (Student pricing),Features (Campus/borough hubs),Features (Save/share tools),Features (Home/lock-screen widgets),Features (Offline reading),Features (Other),Which features would matter most to you in a news app? (Select up to 3) - Other - Text,Do you have any other thoughts or opinions on what makes a news site or news app engaging for young adults (ages 18–26) in the NY Metro area?,age_clean,location_clean,gender_clean,consumption_freq_clean,engagement_type,prefferedconsumption,time_of_consumption,socialmediastyle,focus_group
0,0,0,0,0,0,0,0,1,0,1,0,0,,0,1,0,1,0,0,0,0,0,0,0,0,0,1,0,0,1,1,1,0,1,1,1,1,0,1,0,,0,0,0,0,0,0,0,0,0,0,0,0,1,0,0,,1,1,0,0,0,0,0,0,1,0,0,,,18–20,The Five Boroughs,Male,A few times a week,A mix of both active and passive engagement,Headlines with brief summaries,Afternoon,Might or might not,0
1,0,0,0,1,0,0,0,0,0,0,0,0,,0,1,0,0,1,0,0,0,0,0,0,1,1,1,0,0,1,1,1,1,1,1,1,1,1,1,1,,0,0,0,0,0,0,0,0,0,0,0,0,0,0,1,,1,1,0,0,0,0,0,0,1,0,0,,,18–20,The Five Boroughs,Female,Multiple times a day,"I mostly come across news passively (social media, conversations, or notifications)","Social feeds & stories (Instagram, Twitter/X)",Evening,Might or might not,0
0,1,0,0,0,0,0,1,0,0,1,0,0,,0,1,0,0,0,0,0,0,0,0,0,1,1,1,0,0,1,1,1,1,1,1,1,1,1,1,0,,0,0,0,0,0,0,0,0,0,0,1,0,0,0,0,,1,0,1,0,1,1,0,1,0,1,0,,,18–20,Non Greater Metro,Non-binary,Multiple times a day,A mix of both active and passive engagement,"Short-form videos (TikTok, Instagram Reels, YouTube Shorts)",Evening,Definitely yes,0
1,0,1,0,1,0,0,0,1,0,1,0,0,,1,1,1,1,1,1,0,0,0,0,0,1,1,1,0,0,1,0,1,0,1,1,1,1,1,1,0,,1,0,1,0,0,0,0,0,0,0,1,1,0,0,0,,1,0,1,0,1,0,0,0,0,0,0,,,18–20,Non Greater Metro,Male,Multiple times a day,A mix of both active and passive engagement,"Short-form videos (TikTok, Instagram Reels, YouTube Shorts)",Morning,Probably yes,1
1,1,1,0,1,1,0,0,0,0,1,1,0,,1,1,1,1,0,1,0,0,0,0,0,0,0,1,1,1,1,1,1,1,1,1,1,1,1,1,0,,0,0,1,0,0,0,1,0,0,0,1,0,0,0,0,,0,0,1,0,1,0,0,0,1,0,0,,Make it have actual stories that people want to see ,18–20,New Jersey,Male,Multiple times a day,A mix of both active and passive engagement,"Short-form videos (TikTok, Instagram Reels, YouTube Shorts)",Afternoon,Probably not,1
0,0,0,0,1,0,0,1,0,1,1,0,0,,1,1,1,1,0,1,0,0,0,0,0,0,0,1,0,0,1,1,1,0,1,1,1,1,1,1,1,,0,0,0,0,0,0,0,0,0,0,1,0,0,0,0,,0,0,0,0,0,1,0,0,0,0,0,,,17.0,The Five Boroughs,Female,Once a day,A mix of both active and passive engagement,Headlines with brief summaries,Afternoon,Definitely yes,1
1,1,0,0,0,0,0,1,0,0,0,0,0,,1,1,0,1,1,0,0,0,0,0,0,1,0,0,0,0,1,0,0,1,0,1,1,1,1,1,1,,0,1,0,0,0,0,0,0,0,1,0,0,0,0,0,,1,0,1,0,0,0,0,0,0,0,1,,,18–20,Long Island,Female,A few times a week,"I mostly come across news passively (social media, conversations, or notifications)","Short-form videos (TikTok, Instagram Reels, YouTube Shorts)",Afternoon,Might or might not,1
1,1,0,0,0,0,0,0,0,0,0,0,0,,1,1,0,0,1,0,0,0,0,0,0,1,0,0,0,0,1,1,1,0,1,1,1,1,1,1,0,,0,0,0,0,0,0,0,0,0,0,0,0,0,0,0,,0,0,1,1,0,0,0,0,0,0,0,,,18–20,The Five Boroughs,Female,A few times a week,"I mostly come across news passively (social media, conversations, or notifications)","Short-form videos (TikTok, Instagram Reels, YouTube Shorts)",Afternoon,Definitely yes,0
1,0,1,0,0,0,0,1,0,0,0,0,0,,1,0,0,1,0,1,0,1,0,1,0,1,0,1,0,0,1,0,1,0,1,1,1,1,1,1,0,,0,0,0,0,0,0,0,0,0,0,1,0,0,0,0,,0,0,1,0,1,0,0,0,0,1,0,,,18–20,The Five Boroughs,Male,A few times a week,A mix of both active and passive engagement,"Short-form videos (TikTok, Instagram Reels, YouTube Shorts)",Evening,Might or might not,0
1,0,0,0,1,0,0,0,0,0,0,1,0,,0,0,1,1,0,1,0,0,0,0,1,1,0,0,1,0,1,0,1,0,1,1,1,1,1,1,1,,0,0,0,0,0,0,0,0,0,0,0,0,1,1,0,,1,0,1,0,0,0,0,0,0,1,0,,Make it easy to read,17.0,The Five Boroughs,Male,A few times a week,"I mostly come across news passively (social media, conversations, or notifications)","Social feeds & stories (Instagram, Twitter/X)",Evening,Probably yes,0
1,0,0,0,1,0,1,0,0,0,0,0,0,,1,0,0,1,0,1,0,0,0,0,0,1,0,0,0,0,0,0,0,0,0,0,0,0,0,0,0,,0,1,1,0,0,1,0,0,0,1,1,0,0,0,0,,1,1,1,0,0,0,0,0,0,0,0,,,18–20,Long Island,Male,,I rarely or never follow the news,Interactive visuals/infographics,Evening,Probably yes,0
1,1,1,0,1,0,0,0,0,0,1,0,0,,0,1,0,0,1,0,0,1,1,0,0,0,1,0,0,0,1,0,1,1,1,1,1,1,1,1,1,E! News,1,0,0,1,0,0,1,0,1,0,1,1,0,0,0,,1,0,1,0,0,1,0,1,1,0,0,,No subscription or price. ,18–20,The Five Boroughs,Male,Multiple times a day,A mix of both active and passive engagement,"Short-form videos (TikTok, Instagram Reels, YouTube Shorts)",Evening,Definitely yes,1
1,1,1,0,1,1,1,1,1,1,1,1,0,,1,1,1,1,1,1,0,1,0,1,0,1,0,0,1,1,1,1,1,1,1,1,1,1,1,1,0,,0,1,1,0,0,0,1,0,1,0,1,1,1,0,0,,1,1,1,0,0,0,0,0,0,0,0,,If it’s not as long and digital it’ll attract more people.,18–20,Non Greater Metro,Male,Multiple times a day,A mix of both active and passive engagement,"Social feeds & stories (Instagram, Twitter/X)",Evening,Might or might not,0
1,0,1,0,1,0,0,1,0,0,1,0,0,,1,1,1,1,0,1,1,1,1,1,0,1,1,1,1,1,1,1,1,0,0,1,1,1,1,1,1,,0,0,0,0,0,0,0,0,0,0,1,0,0,0,0,,0,0,1,0,0,1,0,0,0,1,0,,,18–20,The Five Boroughs,Male,Multiple times a day,"I mostly come across news passively (social media, conversations, or notifications)","Short-form videos (TikTok, Instagram Reels, YouTube Shorts)",Afternoon,Might or might not,0
1,1,0,0,0,0,0,1,1,0,1,0,0,,1,1,1,0,1,0,1,1,0,1,0,1,1,0,0,0,1,0,1,0,1,1,1,1,1,1,1,,0,0,0,0,0,0,0,0,0,0,0,0,1,0,0,,1,0,1,0,0,1,0,0,0,0,0,,,18–20,Non Greater Metro,Female,A few times a week,"I mostly come across news passively (social media, conversations, or notifications)","Short-form videos (TikTok, Instagram Reels, YouTube Shorts)",Morning,Probably yes,0
1,0,0,0,0,0,0,1,0,1,0,0,0,,1,1,0,1,1,1,1,0,0,0,0,1,0,1,0,0,1,0,1,0,1,0,0,1,0,0,0,,0,0,1,0,0,0,0,0,0,1,1,0,0,0,0,,0,0,1,1,1,0,0,0,0,0,0,,,18–20,The Five Boroughs,Male,Multiple times a day,A mix of both active and passive engagement,"Social feeds & stories (Instagram, Twitter/X)",Morning,Probably yes,0
1,1,0,0,1,0,0,0,0,0,0,0,0,,0,1,0,1,1,0,0,1,0,0,0,1,1,1,0,0,1,0,0,0,1,1,1,1,1,1,0,,1,0,0,0,0,0,0,0,1,0,1,0,0,0,0,,0,1,1,0,1,0,0,0,0,0,0,,,18–20,Long Island,Male,Multiple times a day,"I mostly come across news passively (social media, conversations, or notifications)","Short-form videos (TikTok, Instagram Reels, YouTube Shorts)",Afternoon,Might or might not,0
1,1,1,0,1,0,0,0,0,0,0,0,0,,0,1,1,1,1,0,0,0,0,1,0,1,0,1,0,0,1,0,1,0,1,1,1,1,1,1,0,,1,1,0,0,0,1,1,0,0,1,1,0,0,0,0,,0,1,1,0,1,1,1,0,0,0,0,,,18–20,The Five Boroughs,Female,A few times a week,"I mostly come across news passively (social media, conversations, or notifications)","Short-form videos (TikTok, Instagram Reels, YouTube Shorts)",Evening,Probably yes,0
1,1,0,0,1,0,0,1,0,0,1,0,0,,0,0,0,1,0,1,0,1,0,1,0,0,1,0,0,0,1,0,0,1,1,1,1,1,1,1,1,,1,0,0,1,0,0,1,0,0,1,1,0,0,0,0,,1,0,1,0,1,1,0,0,0,0,0,,,18–20,Long Island,Male,Once a day,A mix of both active and passive engagement,Headlines with brief summaries,Afternoon,Definitely yes,0
1,1,0,1,1,0,0,0,0,0,0,1,0,,0,1,1,1,1,1,0,0,0,0,0,0,0,1,0,0,0,1,0,0,0,1,1,1,1,1,1,,1,0,1,0,0,1,0,0,0,1,1,1,0,0,0,,1,0,1,0,0,0,1,0,0,0,0,,I think adding more relevant examples and descriptions of news stories will better help young adults understand what is going on.,18–20,The Five Boroughs,Male,A few times a week,"I mostly come across news passively (social media, conversations, or notifications)","Social feeds & stories (Instagram, Twitter/X)",Evening,Probably yes,0
1,1,1,0,0,0,1,0,0,0,1,0,0,,1,1,0,1,0,1,0,0,0,0,0,1,0,1,0,0,1,0,1,0,1,1,1,1,1,1,1,,1,0,1,0,0,1,0,1,0,1,1,0,0,0,0,,0,1,1,0,0,1,0,0,0,0,0,,Quick summary of the article before you click it with data pertaining to it ,18–20,The Five Boroughs,Male,Multiple times a day,A mix of both active and passive engagement,"Short-form videos (TikTok, Instagram Reels, YouTube Shorts)",Morning,Probably yes,0
1,1,0,1,1,0,0,1,0,0,1,0,0,,1,1,1,0,1,0,1,1,1,1,0,0,1,0,0,1,1,0,1,0,0,1,1,1,1,1,0,,1,0,1,0,0,1,0,0,0,0,0,0,0,0,0,,1,0,1,0,0,0,0,0,1,1,0,,,18–20,The Five Boroughs,Female,Once a day,"I mostly come across news passively (social media, conversations, or notifications)","Short-form videos (TikTok, Instagram Reels, YouTube Shorts)",Afternoon,Might or might not,0
1,0,0,0,1,0,0,0,0,0,0,0,0,,1,1,1,1,0,1,0,0,0,0,0,1,0,1,0,0,1,0,0,0,1,1,0,0,0,1,1,,1,1,0,0,0,0,0,0,0,0,0,0,1,1,0,,1,0,1,0,1,1,0,0,0,0,0,,"1. Needs to be add free or with special discounts for students.
2. User-friendly, black/white - no unnecessary design features/colours.
3. Easy to register (the longer the process of registration, the less are the chances that I will open it)
4. Must have algorithms that would recommend news based on my interests (similar to spotify)",21–23,The Five Boroughs,Male,Multiple times a day,"I mostly come across news passively (social media, conversations, or notifications)","Short-form videos (TikTok, Instagram Reels, YouTube Shorts)",Evening,Definitely yes,1
1,1,1,0,1,0,1,1,0,0,1,1,0,,1,1,0,1,0,1,0,0,0,0,0,0,0,1,0,0,1,0,1,0,1,1,1,1,1,1,1,,1,0,1,0,0,1,0,1,0,1,1,1,0,0,0,,1,1,1,0,0,0,0,0,0,0,0,,,18–20,Non Greater Metro,Male,A few times a week,"I mostly come across news passively (social media, conversations, or notifications)","Short-form videos (TikTok, Instagram Reels, YouTube Shorts)",Afternoon,Might or might not,0
0,1,0,0,0,0,0,0,1,0,1,0,0,,1,1,0,0,0,0,0,0,0,0,0,1,0,1,0,0,1,0,0,0,0,1,1,1,1,1,1,,0,1,0,0,0,0,0,0,0,1,1,1,0,0,0,,1,0,1,0,0,0,0,0,0,0,0,,,18–20,The Five Boroughs,Female,A few times a week,"I mostly come across news passively (social media, conversations, or notifications)","Short-form videos (TikTok, Instagram Reels, YouTube Shorts)",Afternoon,Probably yes,0
0,1,0,1,0,0,0,0,1,0,0,0,0,,0,0,1,1,0,0,0,0,0,0,0,0,0,0,0,1,1,0,0,0,1,1,1,1,1,1,1,,1,0,0,0,0,0,0,0,0,0,0,0,0,0,0,,0,0,1,0,0,0,0,0,0,0,0,,,21–23,The Five Boroughs,Female,Once a day,A mix of both active and passive engagement,"Short-form videos (TikTok, Instagram Reels, YouTube Shorts)",Afternoon,Might or might not,0
1,1,0,0,0,0,0,0,0,0,1,0,0,,1,1,1,1,1,1,0,0,0,0,0,0,0,1,0,0,1,0,1,1,1,1,1,1,1,1,0,,1,0,0,0,0,0,0,0,0,0,1,1,0,0,0,,1,0,1,0,0,1,1,0,1,0,0,,,18–20,Long Island,Female,A few times a week,"I mostly come across news passively (social media, conversations, or notifications)","Short-form videos (TikTok, Instagram Reels, YouTube Shorts)",Evening,Probably yes,0
1,1,0,0,0,0,1,1,0,0,1,0,0,,1,0,0,1,1,1,1,1,0,0,0,1,0,0,0,0,1,0,1,1,1,1,1,1,1,1,0,,0,1,0,0,0,1,0,0,1,0,1,0,0,0,0,,1,0,1,0,0,0,0,0,1,0,0,,,18–20,Long Island,Female,Multiple times a day,"I mostly come across news passively (social media, conversations, or notifications)","Social feeds & stories (Instagram, Twitter/X)",Evening,Probably yes,0
1,1,0,0,0,0,0,1,0,0,0,0,0,,0,0,0,1,0,1,0,0,0,0,0,1,0,0,0,0,1,1,1,1,1,1,1,1,1,1,0,,1,0,1,0,0,0,0,0,0,1,1,1,0,0,0,,0,1,0,0,0,0,0,0,0,0,0,,,18–20,Long Island,Male,A few times a week,"I mostly come across news passively (social media, conversations, or notifications)","Short-form videos (TikTok, Instagram Reels, YouTube Shorts)",Morning,Probably yes,1
1,1,1,1,1,1,1,1,1,0,1,1,0,,1,1,1,1,1,1,1,1,0,0,0,1,1,1,0,0,1,1,1,1,1,1,1,1,1,1,0,,1,0,1,0,0,1,0,0,0,1,1,0,0,0,0,,1,1,1,0,0,0,0,0,0,0,0,,Quick brief headlines,18–20,Long Island,Male,Multiple times a day,"I mostly come across news passively (social media, conversations, or notifications)",Headlines with brief summaries,Evening,Definitely yes,1
1,1,1,1,0,0,1,0,0,0,1,1,0,,1,1,1,1,1,1,0,1,0,0,0,1,0,0,0,0,1,1,1,1,1,1,1,1,1,1,1,,1,0,1,0,0,1,0,0,0,1,1,0,0,0,0,,1,0,1,0,0,1,0,0,0,0,0,,You can make a new app free for teens and have each section be like reels of the news instead of the long paragraphs ,21–23,Long Island,Male,Once a day,"I mostly come across news passively (social media, conversations, or notifications)",Interactive visuals/infographics,Afternoon,Might or might not,1
1,0,0,0,1,0,0,0,1,0,1,0,0,,1,1,0,1,0,1,1,0,0,0,0,0,1,0,0,0,1,1,1,1,1,1,1,1,1,1,1,,0,1,1,0,0,1,0,0,0,1,1,0,0,0,0,,1,0,1,1,0,0,0,0,0,0,0,,Short form content,18–20,The Five Boroughs,Male,Multiple times a day,"I mostly come across news passively (social media, conversations, or notifications)","Social feeds & stories (Instagram, Twitter/X)",Morning,Probably yes,0
1,1,1,0,0,0,0,1,0,0,1,0,0,,1,0,1,0,1,0,1,1,0,0,0,0,1,1,0,0,1,0,1,0,1,1,1,1,1,1,1,,1,1,0,0,0,0,0,0,0,0,1,0,0,0,0,,0,1,0,0,1,0,0,0,1,0,0,,Less advertisements and pay walls.,21–23,The Five Boroughs,Female,Once a day,A mix of both active and passive engagement,Headlines with brief summaries,Evening,Probably yes,0
1,1,0,0,0,0,0,0,0,0,0,0,0,,0,0,1,0,0,0,1,0,0,0,0,1,0,0,0,0,1,1,1,0,1,1,1,1,1,1,1,,0,1,1,0,0,0,0,0,1,0,0,0,0,0,0,,0,0,1,0,0,0,0,0,0,0,0,,Advertise on TikTok and instagram the most. ,18–20,The Five Boroughs,Female,Once a day,"I mostly come across news passively (social media, conversations, or notifications)","Short-form videos (TikTok, Instagram Reels, YouTube Shorts)",Morning,Probably yes,0
1,1,0,0,0,0,0,1,0,0,1,1,0,,1,0,0,1,1,1,1,1,0,1,0,1,1,0,0,0,1,1,1,1,1,1,1,1,1,1,1,,1,0,1,0,0,1,0,1,0,0,1,0,0,0,0,,0,1,1,0,0,0,0,0,1,0,0,,,18–20,Long Island,Female,Multiple times a day,"I mostly come across news passively (social media, conversations, or notifications)","Social feeds & stories (Instagram, Twitter/X)",Morning,Might or might not,1
1,1,0,0,0,0,0,0,1,1,1,0,0,,0,0,0,1,0,0,0,0,0,0,0,1,1,0,0,0,1,0,0,0,1,1,1,1,1,1,1,,1,0,1,0,0,0,0,0,1,0,1,1,0,0,0,,0,1,0,0,0,1,1,0,0,0,0,,,18–20,The Five Boroughs,Female,Once a day,A mix of both active and passive engagement,Podcasts/Radio,Morning,Probably not,0
1,0,0,0,1,0,0,0,0,0,1,0,0,,1,0,0,1,0,1,1,0,0,0,0,1,1,0,0,0,1,1,1,1,1,1,1,1,1,1,1,,0,1,1,0,0,1,0,0,0,0,1,1,1,0,0,,1,0,1,0,1,1,0,0,0,0,0,,,18–20,The Five Boroughs,Male,A few times a week,A mix of both active and passive engagement,"Social feeds & stories (Instagram, Twitter/X)",Morning,Probably yes,0
1,1,0,0,1,0,0,0,0,0,1,0,0,,1,0,0,1,1,1,1,0,0,1,0,0,0,1,0,0,1,0,0,0,1,1,0,0,0,1,0,,0,0,1,0,0,0,0,0,0,0,1,0,0,0,0,,1,0,0,0,1,0,0,0,0,1,0,,No,21–23,The Five Boroughs,Male,Multiple times a day,"I mostly come across news passively (social media, conversations, or notifications)","Short-form videos (TikTok, Instagram Reels, YouTube Shorts)",Late Night,Probably yes,1
1,1,1,0,0,0,0,1,0,0,1,0,0,,0,1,0,0,1,1,1,1,0,0,0,0,1,1,0,0,1,1,1,0,1,1,1,1,1,1,1,,1,0,0,0,0,1,0,0,0,1,1,0,0,0,0,,0,1,1,0,0,1,0,0,1,0,0,,,21–23,The Five Boroughs,Female,A few times a week,"I mostly come across news passively (social media, conversations, or notifications)",Headlines with brief summaries,Morning,Probably yes,0
1,1,1,1,0,0,0,1,0,1,1,0,0,,1,1,1,1,1,1,1,0,0,1,0,1,0,0,0,0,1,1,1,1,1,1,1,1,1,1,0,,0,1,1,0,0,1,0,0,1,0,1,0,0,1,0,,1,0,1,1,1,1,0,0,0,1,0,,"In my opinion, it has to be attention grabbing notifications from the app. When I mostly click on WSJ OR FT it’s because the headline catches my eye. I then read the article. ",18–20,The Five Boroughs,Male,Multiple times a day,I actively seek out and read the news,Headlines with brief summaries,Afternoon,Might or might not,0
1,1,0,0,0,0,0,1,0,0,0,0,0,,1,1,0,0,0,0,0,0,0,0,0,1,0,0,0,0,1,0,1,0,0,1,1,1,1,1,1,,1,0,0,0,0,0,0,0,0,0,1,0,0,0,0,,1,0,1,0,1,0,0,0,0,0,0,,,18–20,The Five Boroughs,Female,A few times a week,"I mostly come across news passively (social media, conversations, or notifications)","Short-form videos (TikTok, Instagram Reels, YouTube Shorts)",Afternoon,Probably yes,0
1,1,0,0,0,0,0,0,0,0,0,0,0,,0,0,0,1,0,0,1,1,0,0,0,1,0,0,0,0,1,0,0,0,1,1,1,1,1,1,1,,1,0,0,0,0,0,0,0,0,0,1,0,0,0,0,,0,0,0,1,0,0,0,0,0,0,0,,no,21–23,Long Island,Male,A few times a week,"I mostly come across news passively (social media, conversations, or notifications)","Short-form videos (TikTok, Instagram Reels, YouTube Shorts)",Morning,Might or might not,0
1,1,0,0,0,0,0,1,0,0,1,0,0,,0,1,0,0,0,1,0,0,0,1,0,0,0,0,0,1,1,1,1,0,1,1,1,1,1,1,0,,1,0,1,0,0,1,0,1,0,1,1,1,0,0,0,,1,0,1,1,0,0,0,0,0,0,0,,Maybe on campus’s like the screen that shows the weather in front near the little theatre there can be news headlines of the most important things going on in the world/ country. ,21–23,The Five Boroughs,Male,A few times a week,I try not to be too involved with the news because this world is horrible.  ,"Short-form videos (TikTok, Instagram Reels, YouTube Shorts)",Evening,Definitely yes,1
1,1,1,1,1,0,0,1,1,0,0,1,0,,0,1,1,0,1,1,1,0,0,0,0,0,1,1,0,0,1,1,1,1,1,1,1,1,1,1,1,,1,0,1,0,0,0,0,1,1,0,1,1,0,1,0,,1,1,1,0,0,1,0,0,0,1,0,,Short clips and videos as options rather than long articles cane be helpful to engage new generations in that age group since we see a decline attention span in younger people. Additionally I think the choice of what topics and personalization would be greatly effective people can read what they want to consume instead of things they may find irrelevant or uninteresting in their face to ,18–20,Long Island,Female,Multiple times a day,A mix of both active and passive engagement,"Short-form videos (TikTok, Instagram Reels, YouTube Shorts)",Evening,Might or might not,1
1,0,1,0,0,0,0,0,1,0,0,0,0,,0,0,0,1,0,0,1,0,0,0,0,0,0,1,0,0,1,0,0,0,0,1,1,1,1,1,1,,1,0,0,0,0,0,0,0,0,0,0,0,0,0,0,,0,0,0,0,1,0,0,0,0,0,0,,,18–20,The Five Boroughs,Female,Multiple times a day,"I mostly come across news passively (social media, conversations, or notifications)",Long-form articles,Morning,Probably yes,0
0,0,0,0,1,0,0,0,0,0,0,0,0,,0,0,0,0,1,0,0,0,0,0,0,1,0,0,0,0,1,0,0,0,1,1,1,1,1,1,1,,1,0,0,0,0,0,0,0,0,0,0,0,0,0,0,,0,0,0,0,1,0,0,0,0,0,0,,No,17.0,The Five Boroughs,Male,A few times a week,"I mostly come across news passively (social media, conversations, or notifications)","Social feeds & stories (Instagram, Twitter/X)",Morning,Might or might not,0
1,1,1,0,1,1,1,0,0,0,0,0,0,,0,0,0,0,1,1,0,1,0,1,0,1,0,0,0,0,1,0,0,1,0,1,1,1,1,1,1,,1,0,1,0,0,1,0,1,0,1,1,1,0,0,0,,1,0,0,0,0,1,1,0,0,0,0,,No,21–23,Long Island,Male,Multiple times a day,"I mostly come across news passively (social media, conversations, or notifications)",Podcasts/Radio,Afternoon,Definitely yes,0
1,1,0,0,1,0,0,1,0,0,0,0,0,,1,1,0,1,1,1,0,0,0,0,0,1,0,0,0,0,1,0,1,0,1,1,1,1,1,1,1,,0,0,1,0,0,0,0,0,0,0,1,0,0,0,0,,1,1,0,0,0,0,0,1,0,0,0,,No,21–23,Connecticut,Female,A few times a week,"I mostly come across news passively (social media, conversations, or notifications)","Social feeds & stories (Instagram, Twitter/X)",Morning,Probably yes,1
1,1,1,1,1,0,0,1,1,0,1,0,0,,1,1,0,1,0,1,1,0,0,0,0,0,1,0,0,0,1,1,1,1,1,1,1,1,1,1,1,,0,1,0,0,0,0,0,0,1,0,1,1,0,0,0,,0,0,1,0,0,0,0,0,0,0,0,,,18–20,Long Island,Male,Multiple times a day,A mix of both active and passive engagement,Podcasts/Radio,Afternoon,Probably yes,1
1,0,1,0,0,1,0,0,0,0,0,0,0,,0,0,1,0,0,1,0,0,0,0,0,1,0,0,0,0,1,0,0,0,1,1,1,1,1,1,1,,0,0,0,0,0,0,0,0,0,0,1,0,0,0,0,,0,0,0,0,0,0,0,0,0,0,0,,,30.0,The Five Boroughs,Male,A few times a week,A mix of both active and passive engagement,"Social feeds & stories (Instagram, Twitter/X)",Early Morning,Might or might not,0
1,1,0,0,0,0,1,0,0,0,1,0,0,,1,1,0,0,0,1,0,0,0,0,0,1,0,0,0,0,1,1,0,1,0,1,1,1,1,1,0,,0,1,0,0,0,1,0,0,0,1,0,0,0,0,0,,0,0,0,1,1,0,0,0,0,1,0,,,18–20,The Five Boroughs,Female,Multiple times a day,"I mostly come across news passively (social media, conversations, or notifications)","Short-form videos (TikTok, Instagram Reels, YouTube Shorts)",Evening,Probably yes,1
0,1,1,0,0,0,0,0,0,0,0,0,0,,0,0,0,1,1,1,0,0,0,1,0,1,0,0,0,0,1,0,1,1,1,1,1,1,1,1,1,,1,0,1,0,0,0,0,0,1,0,1,0,1,0,0,,1,0,1,1,0,0,0,0,0,0,0,,,18–20,The Five Boroughs,Male,Multiple times a day,"I mostly come across news passively (social media, conversations, or notifications)","Social feeds & stories (Instagram, Twitter/X)",Afternoon,Might or might not,0
1,1,1,0,0,0,0,0,0,0,1,1,0,,0,1,1,0,0,0,0,1,1,0,0,0,1,0,0,0,1,0,0,1,1,1,1,1,1,1,1,Providence Journal,1,0,0,0,0,0,0,0,0,0,1,0,0,0,0,,1,1,0,0,0,1,0,0,1,0,0,,Cater towards social movements/ideologies to engage people into wanting to consume various forms of media,18–20,Non Greater Metro,Male,Multiple times a day,A mix of both active and passive engagement,"Short-form videos (TikTok, Instagram Reels, YouTube Shorts)",Morning,Probably yes,1
1,1,0,0,0,0,0,1,0,0,1,0,0,,1,0,0,0,1,0,1,1,0,0,0,0,0,1,0,0,1,0,1,1,1,1,1,1,1,1,0,,1,0,1,0,0,1,0,0,0,1,1,1,0,0,0,,1,0,0,0,1,0,0,0,0,0,0,,I believe the list above covers what makes a news site or app engaging for young adults i the NY area. ,17.0,The Five Boroughs,Female,A few times a week,I rarely or never follow the news,"Short-form videos (TikTok, Instagram Reels, YouTube Shorts)",Morning,Might or might not,0
1,1,1,0,0,0,0,0,0,0,1,0,0,,1,1,1,1,1,0,0,0,0,0,0,1,1,0,0,0,1,0,0,0,0,1,1,1,1,1,1,,1,0,0,0,0,0,0,0,0,0,1,1,0,0,0,,0,0,0,0,1,1,0,0,0,0,0,,,18–20,The Five Boroughs,Female,Once a day,A mix of both active and passive engagement,"Short-form videos (TikTok, Instagram Reels, YouTube Shorts)",Late Night,Definitely not,0
0,0,0,0,0,0,0,0,1,0,0,0,0,,0,1,0,1,0,0,1,0,0,0,0,0,0,0,0,1,1,0,0,0,1,1,1,1,1,1,1,,0,0,1,0,0,0,0,0,0,0,0,0,0,0,0,,1,0,0,1,0,0,1,0,0,0,0,,,21–23,Long Island,Male,Never,I rarely or never follow the news,Interactive visuals/infographics,Early Morning,Might or might not,0
1,1,0,0,0,1,0,1,0,0,1,1,0,,1,1,0,0,1,1,1,1,0,1,0,1,0,0,0,0,1,1,1,1,1,1,1,1,1,1,1,,1,1,1,0,0,0,0,0,0,0,1,1,0,0,0,,1,1,1,0,1,1,1,1,1,0,0,,,21–23,Long Island,Female,A few times a week,A mix of both active and passive engagement,"Short-form videos (TikTok, Instagram Reels, YouTube Shorts)",Afternoon,Probably yes,0
1,1,0,0,0,0,1,0,0,0,0,0,0,,1,0,0,0,1,1,0,0,0,0,0,1,0,0,0,0,1,1,1,0,1,1,1,1,1,1,1,,0,0,1,0,0,0,0,0,0,0,1,0,0,0,0,,1,0,0,0,0,0,0,0,0,0,0,,,18–20,The Five Boroughs,Female,Multiple times a day,"I mostly come across news passively (social media, conversations, or notifications)","Social feeds & stories (Instagram, Twitter/X)",Afternoon,Probably yes,0
1,1,0,0,0,0,0,1,1,0,1,0,0,,1,1,0,0,0,0,0,1,1,0,0,1,1,0,0,0,1,0,1,1,1,1,1,1,1,1,0,,1,0,0,0,0,0,0,1,0,0,1,1,0,0,0,,0,1,0,0,1,1,0,0,1,1,0,,,21–23,Long Island,Female,Multiple times a day,A mix of both active and passive engagement,Interactive visuals/infographics,Evening,Probably yes,1
1,1,1,0,0,0,0,1,0,0,0,1,0,,1,1,0,0,1,1,0,1,0,0,0,1,1,0,0,1,1,0,1,1,1,1,1,1,1,1,0,,0,1,1,0,1,1,0,0,0,1,1,1,0,0,0,,1,1,1,1,1,0,0,0,0,1,0,,,21–23,Westchester,Female,Once a day,A mix of both active and passive engagement,"Short-form videos (TikTok, Instagram Reels, YouTube Shorts)",Morning,Probably yes,0
1,0,1,0,0,0,0,1,0,0,1,0,0,,1,1,0,0,1,1,0,0,0,0,0,1,0,0,0,0,1,1,1,0,1,1,1,1,1,1,1,,0,1,1,0,0,0,1,0,0,0,1,1,0,0,0,,1,0,0,0,1,0,0,0,0,1,0,,,21–23,The Five Boroughs,Female,Multiple times a day,A mix of both active and passive engagement,"Social feeds & stories (Instagram, Twitter/X)",Morning,Probably yes,0
1,1,1,0,0,0,0,1,0,0,0,0,0,,1,0,0,0,1,1,1,1,0,0,0,1,0,0,0,0,1,0,0,0,0,1,1,1,1,1,1,,1,0,1,0,0,1,0,0,0,1,1,1,0,0,0,,1,0,1,0,0,1,1,0,1,0,0,,,21–23,Long Island,Female,Multiple times a day,A mix of both active and passive engagement,"Social feeds & stories (Instagram, Twitter/X)",Morning,Might or might not,1
1,1,0,0,0,0,0,1,0,0,0,1,0,,1,0,1,0,0,0,1,1,0,1,0,0,1,0,0,0,1,1,1,1,1,1,1,1,1,1,1,,0,0,0,0,0,0,0,0,0,0,1,1,0,0,0,,1,0,1,0,0,0,0,0,0,1,0,,,18–20,The Five Boroughs,Female,A few times a week,"I mostly come across news passively (social media, conversations, or notifications)","Short-form videos (TikTok, Instagram Reels, YouTube Shorts)",Afternoon,Probably yes,1
1,0,0,0,0,0,0,0,1,0,1,0,0,,0,1,1,1,0,0,0,0,0,0,0,0,0,1,0,0,1,0,1,0,1,1,1,1,1,1,1,,0,1,0,0,0,0,0,0,0,0,0,0,0,0,0,,0,0,1,0,0,1,0,0,1,0,0,,,21–23,The Five Boroughs,Female,Once a day,"I mostly come across news passively (social media, conversations, or notifications)",Headlines with brief summaries,Afternoon,Probably yes,0
1,1,0,0,0,0,1,1,0,0,1,1,0,,1,1,0,0,1,1,1,1,0,1,0,1,1,1,0,0,1,1,1,0,1,1,1,1,1,1,1,,1,0,1,0,1,1,0,1,0,1,1,1,1,0,0,,0,0,1,0,1,1,0,0,0,0,0,,,18–20,The Five Boroughs,Female,A few times a week,A mix of both active and passive engagement,Headlines with brief summaries,Evening,Probably yes,1
1,1,0,0,0,0,1,0,0,0,1,0,0,,1,1,0,0,1,1,1,0,0,0,0,1,0,0,0,0,1,0,1,1,1,1,1,1,1,1,0,,0,1,0,0,0,0,1,0,0,0,1,0,0,0,0,,0,0,1,0,0,1,0,0,0,0,0,,,18–20,Long Island,Female,Once a day,"I mostly come across news passively (social media, conversations, or notifications)","Social feeds & stories (Instagram, Twitter/X)",Afternoon,Probably yes,0
1,1,0,0,0,0,0,0,0,0,1,0,0,,0,1,1,0,0,0,0,0,1,0,0,0,0,1,0,0,1,0,1,0,1,1,1,1,1,1,0,,0,1,0,0,0,0,0,0,0,0,1,1,0,0,0,,1,1,1,0,1,0,0,0,0,0,0,,,21–23,The Five Boroughs,Female,Multiple times a day,A mix of both active and passive engagement,"Short-form videos (TikTok, Instagram Reels, YouTube Shorts)",Evening,Probably yes,0
1,1,1,0,0,0,0,1,0,0,1,0,0,,1,1,0,0,1,1,1,0,0,0,0,1,0,1,0,0,1,0,1,0,1,1,1,1,1,1,1,,1,0,0,0,0,0,0,1,0,0,1,0,0,0,0,,0,1,1,1,1,1,0,0,0,0,0,,,21–23,The Five Boroughs,Female,Multiple times a day,A mix of both active and passive engagement,"Short-form videos (TikTok, Instagram Reels, YouTube Shorts)",Afternoon,Probably yes,0
1,1,0,0,0,0,0,0,0,0,0,0,0,,1,1,0,1,0,0,0,0,0,0,0,1,1,0,0,0,1,1,1,0,1,1,0,1,1,1,1,,0,0,0,0,0,0,0,0,0,0,0,0,0,0,0,,0,0,0,0,1,1,0,0,0,0,0,,,18–20,The Five Boroughs,Female,Once a day,"I mostly come across news passively (social media, conversations, or notifications)","Social feeds & stories (Instagram, Twitter/X)",Afternoon,Definitely yes,1
1,1,1,0,0,0,0,0,0,0,1,1,0,,1,1,1,0,0,0,1,1,0,0,0,1,1,1,1,1,1,0,1,1,1,1,1,1,1,1,1,,0,1,0,0,1,0,1,0,1,0,1,0,0,1,0,,1,1,1,1,1,0,0,1,1,0,0,,No,18–20,Long Island,Female,A few times a week,"I mostly come across news passively (social media, conversations, or notifications)",Interactive visuals/infographics,Morning,Definitely yes,1
1,0,0,0,0,0,0,1,1,0,0,0,0,,1,0,0,0,1,1,1,1,0,0,0,1,1,1,0,0,1,1,1,1,1,1,1,1,1,1,1,,1,1,0,0,0,1,1,1,1,1,1,0,0,0,0,,1,0,1,1,0,1,0,1,0,1,0,,Good news alerts not just crime and politics,21–23,Long Island,Female,A few times a week,"I mostly come across news passively (social media, conversations, or notifications)","Short-form videos (TikTok, Instagram Reels, YouTube Shorts)",Evening,Might or might not,0
0,1,1,0,0,0,0,1,0,0,1,1,0,,1,1,1,1,1,0,0,0,0,0,0,0,1,0,0,0,1,1,1,1,1,1,1,1,1,1,1,,1,0,0,0,0,0,0,0,0,0,0,0,0,0,0,,0,0,0,0,0,1,0,0,1,1,0,,,21–23,Long Island,Prefer not to say,Multiple times a day,"I mostly come across news passively (social media, conversations, or notifications)",Long-form articles,Morning,Might or might not,0
1,1,1,1,0,0,0,0,0,0,1,1,0,,0,1,1,0,1,0,0,0,0,0,0,0,1,1,0,1,1,1,1,0,1,1,1,1,1,1,1,,0,1,0,0,0,0,0,0,0,0,1,0,0,0,0,,0,0,0,0,1,1,0,0,0,1,0,,,27.0,The Five Boroughs,Female,Multiple times a day,"I mostly come across news passively (social media, conversations, or notifications)",Long-form articles,Afternoon,Probably yes,0
1,0,0,0,0,1,0,0,0,0,1,1,0,,1,1,1,1,1,0,1,0,0,1,0,1,1,1,0,0,1,0,1,0,1,1,1,1,1,1,0,,0,0,0,0,0,0,0,0,0,0,1,0,0,0,0,,0,1,1,0,0,0,0,0,0,1,0,,I think just having shorter summaries of the news would keep them engaged.,24–26,The Five Boroughs,Female,Multiple times a day,A mix of both active and passive engagement,Headlines with brief summaries,Late Night,Probably yes,0
1,1,0,0,0,1,0,0,1,1,1,0,0,,1,1,0,0,0,0,1,1,0,0,0,1,0,0,0,0,1,1,1,1,1,1,1,1,1,1,1,,1,0,0,0,0,0,0,0,0,0,1,1,0,0,0,,1,0,0,0,0,1,0,0,0,1,0,,,21–23,Long Island,Female,A few times a week,"I mostly come across news passively (social media, conversations, or notifications)",Long-form articles,Late Night,Might or might not,0
1,1,0,0,1,0,1,1,0,0,1,1,0,,1,1,1,0,1,0,0,0,1,0,0,1,0,0,0,0,1,1,1,1,1,1,1,1,1,1,1,,0,0,0,0,0,0,0,0,0,0,1,0,0,0,0,,1,0,1,0,0,0,1,0,0,0,0,,I think relevant content to youths is what engages young adults the most,21–23,The Five Boroughs,Female,Multiple times a day,"I mostly come across news passively (social media, conversations, or notifications)",Headlines with brief summaries,Morning,Definitely yes,1
1,0,0,0,0,0,0,1,0,0,0,0,0,,0,0,1,1,0,1,1,1,0,1,0,1,0,0,1,0,1,1,1,1,1,1,1,1,1,1,1,,1,0,0,1,0,0,1,0,0,1,1,0,0,0,0,,0,0,0,1,0,1,1,0,1,0,0,,I would say having some entertainment involved and relevant content to what is going on currently in the world ,21–23,The Five Boroughs,Male,A few times a week,"I mostly come across news passively (social media, conversations, or notifications)","Short-form videos (TikTok, Instagram Reels, YouTube Shorts)",Evening,Probably yes,0
1,1,1,1,1,0,0,1,0,0,1,0,0,,1,1,1,1,1,1,0,0,0,0,0,1,0,0,0,0,1,0,1,0,0,1,1,1,1,1,1,,0,1,1,0,0,1,0,0,0,1,1,0,1,0,0,,0,1,1,0,0,1,0,0,1,0,0,,,18–20,The Five Boroughs,Male,Multiple times a day,I actively seek out and read the news,"Short-form videos (TikTok, Instagram Reels, YouTube Shorts)",Morning,Probably not,1
1,1,1,0,0,0,0,0,0,0,0,0,0,,1,1,1,1,1,0,0,0,0,0,0,1,1,0,0,0,1,0,0,0,1,1,0,0,0,1,0,,0,0,0,0,0,0,0,0,0,0,0,0,0,0,0,,0,0,0,0,0,0,0,0,0,0,0,,,21–23,The Five Boroughs,Female,Multiple times a day,"I mostly come across news passively (social media, conversations, or notifications)","Social feeds & stories (Instagram, Twitter/X)",Afternoon,Might or might not,0
1,1,0,1,1,0,0,1,1,0,1,1,0,,0,1,1,1,0,0,0,0,0,0,0,0,0,1,0,0,1,1,1,1,1,1,1,1,1,1,1,,1,0,1,0,0,1,1,0,0,0,0,0,0,0,0,,1,1,1,0,0,1,1,1,1,1,0,,,18–20,Long Island,Female,Once a month,A mix of both active and passive engagement,Interactive visuals/infographics,Afternoon,Probably not,0
1,1,1,0,1,0,0,0,1,0,1,1,0,,1,1,1,1,1,1,1,1,1,1,1,1,0,0,0,0,1,1,1,0,1,1,1,1,1,1,0,,0,0,0,1,0,0,0,0,0,0,0,0,0,0,0,,1,0,1,1,0,0,0,0,0,0,0,,Straight to the point ,21–23,The Five Boroughs,Male,A few times a week,A mix of both active and passive engagement,"Short-form videos (TikTok, Instagram Reels, YouTube Shorts)",Morning,Probably yes,0
1,1,1,0,1,0,0,0,1,0,1,0,0,,1,1,1,1,1,0,0,0,0,0,0,1,0,0,0,0,1,1,0,0,1,1,1,0,0,1,0,,1,0,1,0,0,0,0,1,0,1,1,0,0,0,0,,1,1,0,0,0,0,0,0,0,1,0,,,21–23,The Five Boroughs,Female,Multiple times a day,A mix of both active and passive engagement,Podcasts/Radio,Early Morning,Might or might not,0
1,1,0,0,0,0,0,1,1,0,1,0,0,,1,1,1,1,1,0,1,0,0,0,0,1,1,1,0,0,1,1,1,1,1,1,1,1,1,1,1,,1,1,1,1,0,1,1,0,0,0,1,0,0,0,0,,0,0,1,0,1,1,0,0,0,0,0,,"Fast,  short and to the point, graphics",28.0,Long Island,Female,Multiple times a day,"I mostly come across news passively (social media, conversations, or notifications)","Short-form videos (TikTok, Instagram Reels, YouTube Shorts)",Late Night,Probably yes,1
0,0,0,0,0,0,0,0,1,0,1,0,0,,1,1,1,1,0,0,0,0,1,0,0,0,1,0,0,0,1,1,0,0,1,1,1,1,1,1,1,,0,0,0,0,0,0,0,0,0,0,0,0,0,0,0,,1,0,0,0,0,1,1,0,0,1,0,,When they provide examples or explanations as to what things mean sometimes they have a word in bold or just give some background information on what has happened before/what it is. ,18–20,The Five Boroughs,Female,Once a day,A mix of both active and passive engagement,Headlines with brief summaries,Morning,Probably yes,1
0,1,0,0,0,0,0,0,0,0,0,0,0,,0,0,0,0,0,0,1,0,0,0,0,1,0,0,0,0,0,0,0,1,0,1,1,0,1,1,1,,1,1,0,1,1,0,0,0,0,0,0,0,0,0,0,,0,0,1,0,1,1,0,0,1,0,0,,,18–20,Long Island,Female,Never,I rarely or never follow the news,"Short-form videos (TikTok, Instagram Reels, YouTube Shorts)",Morning,Might or might not,0
1,0,0,0,1,0,0,0,1,0,0,1,0,,1,1,0,1,1,0,0,0,0,1,0,1,0,0,1,0,1,1,1,1,1,1,1,1,1,1,1,,1,0,0,0,0,1,0,0,1,0,1,0,0,0,0,,1,1,0,0,0,0,0,0,0,0,0,,,18–20,Long Island,Male,Once a day,"I mostly come across news passively (social media, conversations, or notifications)",Headlines with brief summaries,Afternoon,Might or might not,0
1,1,1,0,1,1,1,0,0,0,0,1,0,,0,0,0,1,0,1,0,0,0,1,0,1,1,0,0,0,1,0,0,0,0,1,1,0,0,0,0,,0,1,1,0,0,1,0,0,0,1,1,0,0,0,0,,1,1,0,1,1,0,0,0,0,0,0,,No,18–20,The Five Boroughs,Male,A few times a week,"I mostly come across news passively (social media, conversations, or notifications)","Social feeds & stories (Instagram, Twitter/X)",Evening,Might or might not,0
1,1,0,0,0,0,1,0,0,0,0,0,0,,0,0,1,1,0,1,1,1,0,0,0,1,1,0,0,0,1,1,1,1,1,1,1,1,1,1,0,,1,0,1,0,0,1,0,1,1,0,1,0,1,0,0,,0,0,0,0,0,1,0,0,0,1,0,,,21–23,Long Island,Male,Once a month,I rarely or never follow the news,Headlines with brief summaries,Afternoon,Might or might not,0
1,1,0,0,0,0,0,0,0,0,0,1,0,,1,0,0,1,1,0,1,0,0,0,0,1,0,0,0,0,1,1,1,1,1,1,1,1,1,1,0,,0,0,0,0,0,0,0,0,0,0,0,0,0,0,1,Don't watch sports.,1,0,1,0,0,1,0,1,0,1,0,,,18–20,Long Island,Female,A few times a week,"I mostly come across news passively (social media, conversations, or notifications)","Social feeds & stories (Instagram, Twitter/X)",Afternoon,Probably yes,0
1,0,1,0,1,0,0,0,0,1,1,0,0,,1,1,0,0,1,1,0,0,0,1,0,0,0,1,0,0,1,1,1,1,1,1,1,1,1,1,0,,1,0,0,0,1,1,0,0,1,0,1,0,1,0,0,,0,1,0,1,0,0,0,0,0,1,0,,,18–20,Long Island,Prefer not to say,Multiple times a day,A mix of both active and passive engagement,Headlines with brief summaries,Early Morning,Might or might not,0
1,1,0,0,0,0,0,1,0,0,0,0,0,,1,0,0,1,1,0,1,1,0,0,0,0,0,1,0,0,1,0,0,0,1,1,1,1,1,1,1,,0,0,1,0,0,1,0,0,0,0,1,0,0,0,0,,0,0,1,1,0,0,1,0,0,0,0,,no,18–20,The Five Boroughs,Female,A few times a week,A mix of both active and passive engagement,"Short-form videos (TikTok, Instagram Reels, YouTube Shorts)",Evening,Definitely yes,1
1,1,1,0,0,0,0,0,1,0,1,0,0,,1,1,0,1,0,1,0,0,0,0,0,0,0,1,0,0,1,1,1,0,1,1,1,1,1,1,0,,1,0,1,0,0,1,0,0,0,0,1,1,0,0,0,,0,0,1,0,0,0,1,0,0,1,0,,,18–20,The Five Boroughs,Male,Multiple times a day,A mix of both active and passive engagement,"Short-form videos (TikTok, Instagram Reels, YouTube Shorts)",Evening,Definitely yes,0
1,1,0,0,0,0,1,1,0,0,0,1,0,,1,1,1,1,1,1,1,1,1,1,0,1,0,0,0,0,1,1,1,1,1,1,1,1,1,1,1,,1,0,1,0,0,1,0,0,1,0,1,1,0,0,0,,0,0,1,1,0,0,0,1,0,0,0,,,18–20,Long Island,Male,Multiple times a day,A mix of both active and passive engagement,"Short-form videos (TikTok, Instagram Reels, YouTube Shorts)",Early Morning,Definitely yes,0
1,1,0,0,0,0,0,1,1,0,1,0,0,,1,1,1,0,1,1,0,0,0,0,0,1,0,0,0,0,1,0,1,0,1,1,1,1,1,1,1,,1,1,1,0,0,0,0,0,0,0,1,0,0,0,0,,0,0,1,1,0,0,0,1,0,0,0,,,18–20,The Five Boroughs,Female,Multiple times a day,A mix of both active and passive engagement,"Social feeds & stories (Instagram, Twitter/X)",Afternoon,Definitely yes,0
1,1,1,0,1,0,0,0,0,0,0,0,0,,1,1,0,1,1,1,1,0,0,1,0,1,0,0,0,0,1,1,1,0,1,1,0,0,0,0,1,,0,0,1,1,0,1,1,0,0,0,1,1,0,0,0,,1,0,1,0,0,0,0,0,0,0,0,,No,18–20,The Five Boroughs,Male,Multiple times a day,"I mostly come across news passively (social media, conversations, or notifications)","Short-form videos (TikTok, Instagram Reels, YouTube Shorts)",Evening,Might or might not,0
1,0,0,0,0,0,0,0,1,0,1,0,0,,1,1,0,1,0,0,0,1,0,0,0,1,0,0,0,0,1,0,0,0,1,1,1,1,1,1,1,Financial Times,0,0,0,0,0,0,0,0,0,0,0,0,0,0,0,,1,0,0,0,1,0,0,0,0,1,0,,,18–20,The Five Boroughs,Female,Once a day,I actively seek out and read the news,Podcasts/Radio,Afternoon,Probably yes,0
1,1,0,0,0,0,0,0,0,0,0,0,0,,0,0,0,0,0,1,0,1,0,0,0,1,0,1,0,0,1,1,1,0,1,1,1,1,1,1,0,,0,0,1,0,0,0,0,0,0,0,1,0,0,0,0,,1,1,1,0,0,0,0,0,0,0,0,,,18–20,Long Island,Female,Once a day,"I mostly come across news passively (social media, conversations, or notifications)","Social feeds & stories (Instagram, Twitter/X)",Afternoon,Might or might not,0
0,1,0,0,0,0,0,0,0,0,1,0,0,,1,1,1,0,0,1,0,0,0,0,0,1,0,1,0,0,1,1,1,0,1,1,1,1,1,1,1,,1,0,1,0,0,1,0,0,0,1,1,0,0,0,0,,1,0,1,0,0,0,0,1,0,0,0,,Probably news about public transportation because a lot of people use it daily.,18–20,The Five Boroughs,Male,Once a day,A mix of both active and passive engagement,"Short-form videos (TikTok, Instagram Reels, YouTube Shorts)",Afternoon,Might or might not,0
1,0,0,0,1,0,0,0,0,0,1,0,0,,1,1,0,0,0,0,0,0,0,0,0,0,0,1,0,0,1,0,0,1,1,1,1,1,1,1,0,,1,0,0,0,0,0,0,0,1,1,0,0,0,0,0,,0,1,1,0,0,0,0,0,0,1,0,,,18–20,The Five Boroughs,Female,A few times a week,"I mostly come across news passively (social media, conversations, or notifications)","Short-form videos (TikTok, Instagram Reels, YouTube Shorts)",Evening,Definitely not,0
1,1,0,0,0,0,0,1,0,0,0,1,0,,0,1,1,1,0,0,0,0,0,0,0,1,0,0,0,0,1,0,1,0,1,1,1,1,1,1,0,,1,0,0,0,0,1,0,0,0,0,0,0,0,0,0,,0,1,0,0,0,0,0,1,1,0,0,,,18–20,The Five Boroughs,Male,A few times a week,"I mostly come across news passively (social media, conversations, or notifications)",Headlines with brief summaries,Afternoon,Probably yes,0
1,1,0,0,1,0,1,0,1,0,1,0,0,,1,1,0,0,1,1,1,0,0,1,0,1,0,0,0,0,1,1,1,0,1,1,1,1,1,1,1,,1,1,1,1,0,1,0,0,1,0,1,0,0,0,0,,0,0,1,0,0,1,1,0,0,0,0,,,18–20,The Five Boroughs,Male,A few times a week,"I mostly come across news passively (social media, conversations, or notifications)","Social feeds & stories (Instagram, Twitter/X)",Morning,Probably yes,0
1,1,0,0,0,0,0,0,0,0,1,0,0,,1,1,1,1,0,0,1,1,0,0,0,0,1,0,0,0,1,1,1,0,1,1,1,1,1,1,1,Bloomberg ,1,1,0,0,0,1,1,0,0,0,1,1,0,0,0,,1,0,0,0,1,1,0,1,0,1,0,,Apps like New York Times offer activities like Wordle which attract people to go to their websites/ap which inevitably leads them to consume news.,18–20,Westchester,Male,Once a day,"I mostly come across news passively (social media, conversations, or notifications)",Interactive visuals/infographics,Afternoon,Definitely yes,0
1,1,1,0,0,0,0,1,1,0,1,0,0,,1,1,1,1,1,1,1,1,0,0,0,0,1,1,0,1,1,1,1,0,1,1,1,1,1,1,0,,1,0,1,0,0,1,0,0,0,1,1,0,0,0,0,,1,0,1,1,0,0,0,0,0,0,0,,No,18–20,The Five Boroughs,Male,Multiple times a day,A mix of both active and passive engagement,Headlines with brief summaries,Afternoon,Might or might not,1
1,1,1,0,1,0,1,0,0,0,0,0,0,,1,0,0,0,1,1,1,1,0,1,0,1,1,0,0,0,1,0,1,0,1,1,1,1,1,1,1,,0,0,1,0,0,1,1,0,0,0,1,1,0,0,0,,1,1,1,0,0,0,0,0,0,0,0,,No,21–23,The Five Boroughs,Male,A few times a week,"I mostly come across news passively (social media, conversations, or notifications)","Short-form videos (TikTok, Instagram Reels, YouTube Shorts)",Afternoon,Probably yes,0
1,0,0,0,1,0,0,1,0,0,1,1,0,,0,0,0,1,1,0,1,1,0,0,0,1,0,0,0,0,1,0,0,1,1,1,1,1,1,1,1,,1,0,1,0,1,0,0,0,0,0,0,0,0,0,0,,0,0,0,0,0,0,1,1,0,1,0,,"Marketing is important. If the media outlet is not physically appealing, then most people would not want to view it.",18–20,Long Island,Male,A few times a week,"I mostly come across news passively (social media, conversations, or notifications)","Social feeds & stories (Instagram, Twitter/X)",Afternoon,Probably yes,1
1,1,0,0,0,0,0,0,0,1,1,0,0,,0,1,1,0,1,0,0,0,1,1,0,0,1,0,0,0,1,0,1,0,1,1,1,1,1,1,1,The economist,1,0,0,0,0,0,0,0,0,0,1,1,0,0,0,,0,0,1,0,0,1,0,0,0,1,0,,,18–20,The Five Boroughs,Female,Multiple times a day,A mix of both active and passive engagement,Headlines with brief summaries,Morning,Might or might not,1
1,1,1,0,0,0,0,1,0,0,0,0,0,,1,1,0,1,1,1,0,0,0,1,0,1,1,0,0,0,1,1,1,1,1,1,1,1,1,1,1,,0,1,0,0,0,0,0,0,0,1,1,1,0,0,0,,1,0,1,1,0,0,0,0,0,0,0,,Relevant topics and personable presentation.,21–23,The Five Boroughs,Male,Multiple times a day,A mix of both active and passive engagement,"Short-form videos (TikTok, Instagram Reels, YouTube Shorts)",Evening,Probably yes,1
1,1,1,1,1,0,0,0,1,0,1,1,0,,0,1,0,1,0,1,0,0,0,0,0,1,1,0,1,0,0,0,0,0,1,0,0,0,0,1,0,,0,1,1,0,0,0,1,0,1,0,1,0,0,0,0,,0,0,1,0,1,0,0,0,1,0,0,,engaging,18–20,Long Island,Male,Multiple times a day,"I mostly come across news passively (social media, conversations, or notifications)","Short-form videos (TikTok, Instagram Reels, YouTube Shorts)",Morning,Definitely yes,0
1,1,1,0,0,0,1,1,0,0,0,1,0,,0,1,0,1,1,0,0,1,0,1,0,1,0,0,1,0,1,0,1,0,1,1,1,1,0,0,0,,0,1,0,0,0,0,1,0,1,0,1,1,0,0,0,,0,1,0,0,0,1,0,1,0,0,0,,,18–20,The Five Boroughs,Female,A few times a week,"I mostly come across news passively (social media, conversations, or notifications)","Short-form videos (TikTok, Instagram Reels, YouTube Shorts)",Evening,Might or might not,0
1,1,0,0,1,0,0,0,0,0,1,0,0,,1,0,0,1,0,1,0,0,0,0,0,1,1,0,0,0,1,0,1,0,1,1,1,1,1,1,1,,0,0,0,0,0,0,0,0,0,0,1,0,0,0,0,,1,0,0,0,0,1,0,1,0,0,0,,Bold headlines that aren’t clickbait. Multiple forms of content that are easy to digest and not too long.,24–26,New Jersey,Male,Multiple times a day,A mix of both active and passive engagement,Headlines with brief summaries,Afternoon,Probably yes,1
1,1,0,0,0,0,0,0,0,0,1,0,0,,1,1,1,1,1,0,0,0,0,0,0,1,1,0,0,0,1,0,0,0,1,1,0,0,0,1,0,,0,0,0,0,0,0,0,0,0,0,0,0,0,0,0,,0,0,1,1,0,1,0,0,0,1,0,,,21–23,Long Island,Female,A few times a week,"I mostly come across news passively (social media, conversations, or notifications)","Short-form videos (TikTok, Instagram Reels, YouTube Shorts)",Afternoon,Probably yes,0
1,1,0,0,1,0,1,1,0,0,1,1,0,,1,1,1,1,0,1,1,1,0,1,0,1,0,1,0,0,1,0,1,0,1,1,1,1,1,1,1,,0,0,0,0,0,0,0,0,0,0,0,0,0,0,1,"Dodgers, Lakers, LA Galaxy",1,0,1,0,0,1,0,0,0,0,0,,,18–20,Non Greater Metro,Male,Multiple times a day,A mix of both active and passive engagement,"Social feeds & stories (Instagram, Twitter/X)",Morning,Might or might not,0
1,1,0,0,0,0,0,1,0,0,1,0,0,,1,1,0,0,1,0,1,0,0,1,0,1,0,1,1,0,1,1,1,0,1,1,1,1,1,1,0,,0,0,0,0,0,0,0,0,0,0,0,0,0,0,1,,0,1,1,1,0,1,1,1,1,0,0,,,21–23,The Five Boroughs,Female,Multiple times a day,A mix of both active and passive engagement,"Short-form videos (TikTok, Instagram Reels, YouTube Shorts)",Afternoon,Definitely yes,0
1,1,0,0,0,0,0,0,0,0,1,0,0,,1,1,1,1,1,0,0,1,0,0,0,0,0,1,0,0,1,1,1,0,1,1,1,1,1,1,1,,0,1,0,1,0,0,1,0,0,0,1,1,0,0,0,,0,1,1,0,0,1,1,0,1,1,0,,,21–23,The Five Boroughs,Female,Once a month,"I mostly come across news passively (social media, conversations, or notifications)","Short-form videos (TikTok, Instagram Reels, YouTube Shorts)",Evening,Might or might not,0
1,1,0,0,1,0,0,0,0,0,1,0,0,,0,1,0,0,0,0,0,0,0,0,0,0,0,1,0,0,1,0,1,1,1,1,1,1,1,1,0,,1,1,1,0,0,1,1,0,1,1,1,0,0,0,0,,0,0,0,1,0,1,0,1,1,1,0,,,21–23,Long Island,Female,Once a day,A mix of both active and passive engagement,Headlines with brief summaries,Afternoon,Might or might not,0
0,0,0,0,0,0,0,0,0,0,1,0,0,,0,1,1,1,0,0,0,0,0,0,0,0,0,1,0,0,1,0,0,0,1,1,1,1,1,1,1,Financial Times,0,0,1,0,0,0,0,0,0,0,1,0,0,0,0,,0,1,0,0,0,1,0,0,0,1,0,,,21–23,The Five Boroughs,Male,Multiple times a day,I actively seek out and read the news,Headlines with brief summaries,Morning,Might or might not,0
1,1,0,0,1,0,0,1,0,0,1,0,0,,1,1,0,0,1,1,0,0,0,0,0,0,1,1,0,0,1,0,1,0,1,1,1,1,1,1,0,,0,1,1,0,1,0,1,0,0,0,1,0,1,0,0,,1,1,1,0,0,0,0,0,0,0,0,,,21–23,The Five Boroughs,Male,Once a day,A mix of both active and passive engagement,"Short-form videos (TikTok, Instagram Reels, YouTube Shorts)",Afternoon,Might or might not,0
1,1,0,0,0,0,0,1,0,0,0,0,0,,1,1,0,0,1,0,0,0,0,0,0,1,0,1,1,0,1,0,0,0,0,1,1,1,1,1,1,,0,1,0,0,0,0,1,0,0,0,1,0,0,0,0,,0,0,1,0,1,0,0,0,1,0,1,,No,21–23,The Five Boroughs,Female,Never,"I mostly come across news passively (social media, conversations, or notifications)","Short-form videos (TikTok, Instagram Reels, YouTube Shorts)",Evening,Probably not,1
1,1,0,0,1,0,0,1,0,0,1,1,0,,1,1,1,1,0,1,1,1,0,1,0,0,1,1,0,0,1,1,1,1,1,1,1,1,1,1,1,,0,1,1,1,1,1,1,0,0,0,1,0,0,1,0,,1,1,1,1,0,1,0,1,1,0,0,,"Short form content, and quick notifications that pop up throughout your day",18–20,Long Island,Male,Multiple times a day,"I mostly come across news passively (social media, conversations, or notifications)",Headlines with brief summaries,Late Night,Definitely yes,0
1,1,0,1,0,1,0,0,0,0,0,1,0,,1,0,0,1,1,0,0,0,1,1,0,1,0,0,0,0,1,1,1,0,1,1,1,1,1,1,0,,0,0,0,0,0,0,1,0,1,0,1,1,0,0,0,,1,0,1,0,0,0,1,0,0,0,0,,,21–23,Non Greater Metro,Female,A few times a week,"I mostly come across news passively (social media, conversations, or notifications)","Social feeds & stories (Instagram, Twitter/X)",Late Night,Probably yes,0
1,1,0,0,0,0,0,0,0,0,1,1,0,,0,1,1,1,1,0,0,0,0,0,0,1,0,1,0,0,1,1,1,0,1,1,1,1,1,1,0,,0,0,1,0,0,0,0,0,0,0,1,0,0,0,0,,1,1,0,0,0,1,0,1,0,1,0,,N/a,21–23,The Five Boroughs,Female,Once a day,"I mostly come across news passively (social media, conversations, or notifications)","Social feeds & stories (Instagram, Twitter/X)",Early Morning,Probably yes,0
1,1,0,0,0,0,0,0,0,0,0,0,0,,1,0,0,0,0,1,0,0,0,0,0,1,0,0,0,0,1,1,1,0,1,1,1,1,1,1,0,,1,0,0,0,0,0,0,0,0,0,1,1,0,0,0,,0,0,0,0,0,0,1,0,0,0,0,,"Easy interface, appealing to eye, good for short attention spans ",21–23,The Five Boroughs,Female,Once a month,"I mostly come across news passively (social media, conversations, or notifications)","Short-form videos (TikTok, Instagram Reels, YouTube Shorts)",Afternoon,Definitely yes,1
1,1,0,1,1,1,0,1,1,0,1,0,0,,0,1,1,1,0,0,0,1,0,1,0,0,1,0,0,0,1,0,1,1,1,1,1,1,1,1,0,,0,0,0,0,0,0,0,0,0,0,1,0,0,0,0,,0,0,1,0,0,0,1,0,0,1,0,,,21–23,The Five Boroughs,Female,Multiple times a day,A mix of both active and passive engagement,Interactive visuals/infographics,Afternoon,Might or might not,1
1,1,1,0,1,0,0,0,1,0,0,0,0,,0,0,0,0,0,1,0,0,0,0,0,0,1,1,0,0,1,0,1,0,1,1,1,1,1,1,1,,0,0,0,0,0,0,0,0,0,0,1,0,0,0,0,,0,1,0,1,0,0,0,0,0,1,0,,,21–23,Non Greater Metro,Male,Multiple times a day,"I mostly come across news passively (social media, conversations, or notifications)","Social feeds & stories (Instagram, Twitter/X)",Afternoon,Probably not,0
1,0,0,0,1,0,1,1,0,0,0,1,0,,0,0,0,1,0,1,1,0,0,1,0,0,0,1,0,0,1,0,1,1,1,1,1,1,1,1,1,,0,1,0,0,0,0,0,1,1,0,1,0,0,0,0,,0,0,1,0,0,0,1,0,1,0,0,,No bias ,18–20,Long Island,Male,A few times a week,"I mostly come across news passively (social media, conversations, or notifications)","Short-form videos (TikTok, Instagram Reels, YouTube Shorts)",Afternoon,Might or might not,0
1,0,0,1,1,0,0,0,0,0,1,0,0,,1,1,1,0,0,1,0,0,1,1,0,0,1,1,0,0,1,0,0,0,1,1,1,1,1,1,1,Al-monitor ,0,1,0,0,1,0,1,0,0,0,1,0,0,0,0,,0,0,0,0,1,0,0,1,0,0,0,,Pricing is getting too high,21–23,The Five Boroughs,Male,Multiple times a day,A mix of both active and passive engagement,Long-form articles,Morning,Definitely yes,1
1,0,0,0,1,0,1,0,0,0,1,0,0,,1,1,1,1,0,1,0,0,0,1,0,1,0,1,0,0,1,0,1,0,1,1,1,1,1,1,0,,0,0,0,0,0,0,0,1,1,0,1,1,0,0,0,,1,1,1,1,1,0,0,0,0,0,0,,,21–23,Non Greater Metro,Male,Multiple times a day,A mix of both active and passive engagement,Headlines with brief summaries,Early Morning,Probably yes,0
1,1,0,0,1,0,1,0,0,0,0,0,0,,1,0,0,1,1,1,1,0,0,0,0,1,0,0,0,0,1,1,1,0,1,1,1,1,1,1,0,,1,0,1,0,0,1,1,0,0,0,0,0,0,0,0,,0,0,1,0,0,0,0,0,0,0,0,,,21–23,The Five Boroughs,Male,Once a day,"I mostly come across news passively (social media, conversations, or notifications)","Social feeds & stories (Instagram, Twitter/X)",Morning,Probably yes,0
1,1,0,0,0,0,0,0,0,0,0,1,0,,1,1,0,1,1,1,0,0,0,0,0,1,1,0,0,0,1,0,1,0,1,1,1,1,1,1,1,,1,1,1,1,0,0,0,0,0,0,1,0,0,0,0,,1,1,1,1,0,1,0,0,0,1,0,,,21–23,The Five Boroughs,Female,Multiple times a day,"I mostly come across news passively (social media, conversations, or notifications)",Headlines with brief summaries,Morning,Might or might not,0
1,1,0,0,1,0,0,0,1,0,1,0,0,,0,1,1,0,0,1,1,1,0,0,0,1,0,1,0,0,1,1,1,0,1,1,1,1,1,1,1,,1,1,1,1,0,0,0,0,0,0,1,0,0,0,0,,0,1,0,0,0,1,0,0,0,1,0,,No,21–23,The Five Boroughs,Female,A few times a week,"I mostly come across news passively (social media, conversations, or notifications)","Short-form videos (TikTok, Instagram Reels, YouTube Shorts)",Early Morning,Probably yes,1
1,0,1,0,0,0,0,0,0,0,1,0,0,,0,1,0,1,0,1,0,0,0,0,0,1,1,0,0,0,1,0,1,1,1,1,1,1,1,1,1,,0,1,1,0,0,0,0,0,1,0,1,0,0,0,0,,1,0,1,0,0,1,0,0,0,0,0,,Relevant articles/headlines ,18–20,The Five Boroughs,Male,Once a day,A mix of both active and passive engagement,"Social feeds & stories (Instagram, Twitter/X)",Morning,Probably yes,0
1,1,0,1,0,0,0,0,0,0,1,1,0,,1,1,1,0,0,0,1,1,1,1,0,1,0,1,0,0,1,0,1,0,1,1,1,1,1,1,1,,0,0,1,0,0,1,0,0,0,0,1,0,0,0,0,,1,0,1,0,1,0,0,0,0,0,0,,"There should be some younger-audience targeted content, such as fashion and lifestyle.",21–23,The Five Boroughs,Male,Multiple times a day,A mix of both active and passive engagement,"Short-form videos (TikTok, Instagram Reels, YouTube Shorts)",Late Night,Definitely yes,1
0,0,1,1,0,0,0,0,1,0,1,0,0,,1,1,1,1,1,0,1,0,0,0,0,0,1,0,0,0,1,1,1,0,1,1,1,1,1,1,1,Apple News,0,0,0,0,0,0,0,0,0,0,1,1,0,0,0,,0,0,0,0,1,1,0,1,0,1,0,,,24–26,New Jersey,Female,Once a day,A mix of both active and passive engagement,"Short-form videos (TikTok, Instagram Reels, YouTube Shorts)",Evening,Might or might not,1
1,0,1,0,0,0,0,1,0,0,0,0,0,,1,1,0,0,0,1,1,1,0,1,0,1,0,0,0,0,1,0,1,0,1,1,1,1,1,1,1,,1,0,1,0,0,0,0,0,0,1,1,0,0,0,0,,0,0,0,0,0,0,0,0,0,0,0,,I believe the specific account or media that appears to be the most trendy or known makes it most engaging. ,21–23,The Five Boroughs,Male,A few times a week,"I mostly come across news passively (social media, conversations, or notifications)",Headlines with brief summaries,Afternoon,Probably yes,0
1,0,0,0,0,0,0,0,0,0,1,0,1,,1,1,0,1,0,1,0,0,0,1,0,0,0,1,0,0,1,1,1,0,1,1,1,1,1,1,1,Financial Times,0,1,1,0,0,0,0,0,0,0,1,0,0,0,0,,0,0,1,0,0,1,1,0,0,0,0,,"Short videos - I feel that most students are attracted to short reels or vids like tik tok, instagram, X etc. ",21–23,The Five Boroughs,Male,Multiple times a day,I actively seek out and read the news,Headlines with brief summaries,Early Morning,Probably yes,1
0,1,0,0,0,0,0,0,1,0,1,0,0,,1,1,0,1,1,0,0,0,0,0,0,0,0,1,0,0,1,1,0,1,1,1,1,1,1,1,0,,1,1,1,0,0,0,0,0,0,0,1,0,0,0,0,,1,0,1,0,0,0,0,0,1,0,0,,,21–23,Long Island,Female,Multiple times a day,A mix of both active and passive engagement,"Short-form videos (TikTok, Instagram Reels, YouTube Shorts)",Early Morning,Definitely yes,1
1,1,0,1,1,1,0,1,1,0,1,0,0,,1,1,0,0,0,1,1,0,0,0,0,1,1,0,0,0,1,1,1,0,0,1,1,1,1,1,1,,1,0,0,0,0,1,1,0,0,0,1,0,0,0,0,,0,0,1,0,0,1,0,0,0,1,0,,,21–23,Westchester,Female,Once a day,A mix of both active and passive engagement,"Short-form videos (TikTok, Instagram Reels, YouTube Shorts)",Afternoon,Probably yes,0
1,1,0,0,0,0,0,0,0,0,1,0,0,,0,1,0,0,1,0,1,1,0,0,0,0,0,1,0,0,1,1,1,1,1,1,1,1,1,1,0,,0,1,1,0,0,0,1,0,1,0,1,1,0,0,0,,1,0,1,0,0,0,0,0,0,1,0,,Nope :),21–23,Long Island,Female,A few times a week,"I mostly come across news passively (social media, conversations, or notifications)",Headlines with brief summaries,Morning,Definitely yes,0
1,1,0,1,0,0,0,0,0,0,1,0,0,,0,1,0,1,0,0,1,1,0,0,0,1,1,0,0,0,1,0,1,1,1,1,1,1,1,1,1,,1,0,0,0,0,0,0,0,0,0,0,0,0,0,0,,0,1,0,1,0,0,0,1,0,0,0,,,24–26,Non Greater Metro,Male,Multiple times a day,A mix of both active and passive engagement,"Short-form videos (TikTok, Instagram Reels, YouTube Shorts)",Afternoon,Probably yes,0
0,1,1,1,0,1,0,0,0,0,0,0,0,,0,0,1,0,0,0,0,0,0,0,0,0,0,1,0,0,1,0,1,0,1,1,1,1,1,1,1,,0,0,0,0,0,0,0,0,0,0,1,0,0,0,0,,1,0,1,0,0,1,0,0,0,0,0,,A strong presenter presenting news with concrete evidence and verified information and facts rather than trying to tell a story or setting narratives.,24–26,The Five Boroughs,Female,Multiple times a day,"I mostly come across news passively (social media, conversations, or notifications)","Short-form videos (TikTok, Instagram Reels, YouTube Shorts)",Afternoon,Probably yes,1
1,1,0,0,0,0,0,0,0,0,0,0,0,,1,0,1,1,0,0,0,0,0,0,0,1,0,0,0,0,1,0,0,0,0,1,1,1,1,1,1,ABC news,0,0,0,1,0,0,0,0,0,0,0,0,0,0,0,,0,1,0,0,0,1,0,1,1,1,0,,"I think getting to the point. I know it’s hard without the details, but sometimes I want a general idea of what’s going on.",21–23,Long Island,Female,Once every six months,I rarely or never follow the news,Headlines with brief summaries,Afternoon,Probably yes,1
0,0,0,1,0,1,0,0,0,0,1,0,0,,0,0,1,0,0,0,0,0,0,0,0,0,1,0,0,0,1,0,1,0,1,1,1,1,1,1,1,,1,1,1,0,0,0,0,0,0,0,1,0,0,0,0,,1,0,0,0,0,0,0,0,0,0,0,,,24–26,The Five Boroughs,Female,Multiple times a day,A mix of both active and passive engagement,Interactive visuals/infographics,Evening,Probably yes,0
1,0,0,0,0,0,0,1,1,1,0,0,0,,1,0,0,1,1,0,1,1,0,0,0,0,0,1,0,0,1,1,1,1,1,1,1,1,1,1,1,,0,1,0,0,0,1,0,0,1,0,1,1,0,0,0,,0,0,0,1,0,1,0,0,1,0,0,,,24–26,Long Island,Female,Multiple times a day,A mix of both active and passive engagement,Podcasts/Radio,Morning,Probably yes,1
1,0,1,0,0,0,0,0,1,0,1,0,0,,1,1,0,1,0,1,0,0,1,1,0,0,1,0,0,0,1,1,1,1,1,1,1,1,1,1,1,,1,0,1,0,0,0,1,0,0,1,1,0,0,0,0,,1,1,1,0,1,0,0,0,1,1,0,,Create brief summaries of events with links attached to a full article. I still like to know a little about things that I wouldn’t read a full article about ,21–23,Long Island,Male,Multiple times a day,I actively seek out and read the news,Long-form articles,Morning,Probably yes,1
1,1,0,0,0,0,0,0,0,0,1,1,0,,1,1,1,0,1,0,1,1,0,1,0,1,1,0,0,0,1,1,1,1,1,1,1,1,1,1,0,,0,0,0,0,0,0,0,0,0,0,0,0,0,0,0,,0,0,1,1,0,1,0,0,0,1,0,,,21–23,The Five Boroughs,Female,Multiple times a day,A mix of both active and passive engagement,"Short-form videos (TikTok, Instagram Reels, YouTube Shorts)",Evening,Might or might not,0
0,0,0,0,1,1,0,1,0,0,1,1,0,,0,1,1,0,0,0,1,1,0,0,0,1,1,0,0,0,1,0,0,0,1,1,1,1,1,1,0,,0,0,0,0,0,0,0,0,0,0,0,0,0,0,1,,0,0,0,0,0,0,0,0,0,0,1,,,,The Five Boroughs,Male,Once a day,A mix of both active and passive engagement,Headlines with brief summaries,Evening,Definitely yes,1
1,1,0,0,0,0,0,0,0,0,1,0,0,,1,0,0,1,1,0,1,0,0,1,0,1,0,0,0,0,1,0,1,0,1,1,1,1,1,1,1,,1,1,1,0,0,0,0,0,0,0,1,0,0,0,0,,1,1,0,0,0,1,0,0,0,0,0,,,21–23,Long Island,Female,Multiple times a day,A mix of both active and passive engagement,Headlines with brief summaries,Morning,Probably yes,1
1,1,0,0,0,1,1,0,1,0,1,0,0,,1,1,1,1,1,1,1,0,0,1,0,1,1,1,0,0,1,1,0,0,1,1,1,1,1,1,0,,0,0,1,0,0,1,0,0,0,0,0,0,0,0,0,,0,0,0,0,0,1,0,0,1,1,0,,,18–20,Long Island,Male,Multiple times a day,A mix of both active and passive engagement,Headlines with brief summaries,Afternoon,Probably yes,0
1,1,0,0,0,0,0,1,0,0,0,0,0,,0,1,1,0,1,0,0,0,0,0,0,1,0,0,0,0,1,1,1,0,1,1,1,1,1,1,1,,1,0,1,0,0,0,1,0,0,1,0,0,0,0,0,,0,1,1,0,0,0,0,0,1,0,0,,,18–20,The Five Boroughs,Male,A few times a week,"I mostly come across news passively (social media, conversations, or notifications)","Social feeds & stories (Instagram, Twitter/X)",Afternoon,Definitely yes,0
1,1,1,0,1,0,1,1,1,0,1,0,0,,1,1,1,1,1,1,1,1,0,1,0,1,0,1,0,0,1,1,1,0,1,1,1,1,1,1,1,,1,1,1,1,1,1,1,1,1,1,1,1,1,1,0,,0,0,0,1,0,1,0,1,0,0,0,,No,18–20,The Five Boroughs,Male,Multiple times a day,"I mostly come across news passively (social media, conversations, or notifications)","Short-form videos (TikTok, Instagram Reels, YouTube Shorts)",Evening,Might or might not,0
1,0,0,0,1,0,0,1,0,0,0,0,0,,1,1,0,0,0,1,1,0,0,1,0,0,1,1,0,1,1,0,1,0,1,1,1,1,1,1,0,,1,0,0,0,0,0,0,0,0,1,0,0,0,0,0,,0,1,1,0,1,0,0,0,0,0,0,,,18–20,The Five Boroughs,Male,Once a day,"I mostly come across news passively (social media, conversations, or notifications)","Short-form videos (TikTok, Instagram Reels, YouTube Shorts)",Afternoon,Might or might not,0
1,1,0,0,0,0,1,1,1,0,1,1,0,,1,1,1,1,1,1,1,1,0,0,0,1,0,1,1,0,1,0,0,0,0,1,1,1,1,1,1,,1,0,1,0,0,1,0,0,0,1,1,0,0,0,0,,1,0,1,0,0,0,1,0,0,0,0,,Make the formatting on the app easy to look at and follow,18–20,The Five Boroughs,Female,Multiple times a day,A mix of both active and passive engagement,"Short-form videos (TikTok, Instagram Reels, YouTube Shorts)",Evening,Might or might not,0
1,1,1,0,0,0,0,0,0,0,0,0,0,,1,1,0,1,0,1,0,0,0,0,0,1,0,0,0,0,1,0,1,0,1,1,1,1,1,1,1,,1,0,1,0,0,1,0,0,0,1,1,0,0,0,0,,1,0,1,0,0,0,0,0,0,0,0,,"Make it short and to the point
",18–20,The Five Boroughs,Male,Once a day,"I mostly come across news passively (social media, conversations, or notifications)","Social feeds & stories (Instagram, Twitter/X)",Afternoon,Probably not,0
1,1,0,0,1,0,0,1,1,0,0,0,0,,1,1,1,1,1,1,0,0,0,1,0,0,0,1,0,0,1,1,1,0,1,1,1,1,1,1,0,,1,1,1,1,1,1,1,1,0,0,1,1,0,0,0,,1,0,1,0,1,0,0,0,0,0,0,,Easy access and not too time consuming,18–20,The Five Boroughs,Male,Multiple times a day,A mix of both active and passive engagement,"Social feeds & stories (Instagram, Twitter/X)",Evening,Probably yes,0
1,0,1,0,1,0,0,0,0,0,0,0,0,,0,1,0,0,0,0,0,1,0,0,0,1,0,0,0,0,0,0,1,0,1,1,1,1,1,1,1,,1,0,1,0,0,0,0,0,0,0,1,0,0,0,0,,0,0,0,0,1,1,0,1,0,0,0,,No,18–20,Long Island,Male,Once a day,"I mostly come across news passively (social media, conversations, or notifications)","Short-form videos (TikTok, Instagram Reels, YouTube Shorts)",Afternoon,Might or might not,0
1,1,0,0,0,0,0,0,0,0,1,0,0,,1,1,0,0,0,0,0,0,0,1,0,1,1,1,0,0,1,0,0,0,1,1,1,1,1,1,1,,0,1,0,0,0,0,0,0,0,0,1,0,0,0,0,,0,1,1,0,0,1,0,0,0,0,0,,More snippets of content/ shorter posts,21–23,The Five Boroughs,Male,Once a day,I actively seek out and read the news,"Short-form videos (TikTok, Instagram Reels, YouTube Shorts)",Morning,Definitely yes,0
1,1,0,0,0,0,0,0,0,0,0,0,0,,0,0,0,0,0,0,1,1,0,0,0,0,0,0,0,1,1,0,0,0,1,1,1,1,1,1,1,,0,0,0,0,0,0,0,0,0,0,1,1,0,0,0,,0,0,0,0,0,0,0,0,0,1,0,,No,18–20,The Five Boroughs,Female,A few times a week,I rarely or never follow the news,"Short-form videos (TikTok, Instagram Reels, YouTube Shorts)",Afternoon,Probably yes,0
1,0,1,0,0,0,0,0,0,0,1,0,0,,0,0,0,1,0,0,0,0,0,0,0,0,0,0,1,0,1,0,1,0,1,1,1,1,1,1,1,,0,0,1,0,0,0,0,0,0,1,0,0,0,1,0,,1,1,0,0,0,0,0,0,0,0,0,,,18–20,The Five Boroughs,Male,Multiple times a day,A mix of both active and passive engagement,Headlines with brief summaries,Afternoon,Probably yes,0
1,1,0,0,1,1,0,0,0,0,0,0,0,,0,0,0,0,0,1,0,1,0,1,1,1,0,0,0,0,1,1,0,1,0,1,1,1,1,1,1,,0,0,0,0,0,0,0,0,0,0,0,0,0,0,1,LA Lakers,0,0,1,0,0,0,0,0,0,0,0,,,18–20,Long Island,Male,A few times a week,"I mostly come across news passively (social media, conversations, or notifications)",Podcasts/Radio,Late Night,Might or might not,0
1,0,1,0,1,0,0,0,1,0,1,1,0,,1,1,1,1,1,1,1,1,0,1,0,1,1,1,0,0,1,1,1,0,1,1,1,1,1,1,0,,0,0,0,0,0,0,0,0,0,0,1,0,0,0,0,,0,0,0,1,1,0,1,0,0,0,0,,,18–20,The Five Boroughs,Male,Multiple times a day,"I mostly come across news passively (social media, conversations, or notifications)","Short-form videos (TikTok, Instagram Reels, YouTube Shorts)",Morning,Probably yes,0
1,1,0,0,1,0,0,0,1,0,1,0,0,,1,0,0,1,1,0,1,1,0,1,0,1,1,1,0,0,1,0,1,0,1,1,1,1,1,1,1,,1,1,0,0,0,1,0,1,1,0,1,0,0,0,0,,1,0,1,0,0,0,0,0,0,1,0,,"While I personally like long articles, many others in our age group don’t. I think that it might be a good idea to have a condensed version of the article alongside a longer version that readers can choose between.",18–20,The Five Boroughs,Male,Multiple times a day,A mix of both active and passive engagement,"Short-form videos (TikTok, Instagram Reels, YouTube Shorts)",Evening,Definitely yes,1
1,1,1,0,0,0,0,0,0,0,0,0,0,,1,1,0,1,0,1,0,0,0,0,0,1,0,0,0,0,1,0,0,0,1,1,1,1,1,1,0,,1,1,1,0,0,0,0,0,1,0,1,0,0,0,1,Mariners and Seahawks all day ,0,1,1,1,0,0,0,0,0,0,0,,"No one reads news physically, easy and accessible news through online is the way ",18–20,The Five Boroughs,Male,A few times a week,"I mostly come across news passively (social media, conversations, or notifications)",Headlines with brief summaries,Morning,Definitely yes,1
1,1,0,0,1,0,0,0,1,0,1,1,0,,0,0,0,1,1,0,1,1,0,0,0,1,0,0,0,0,1,0,0,0,0,1,0,1,0,0,0,,1,0,0,0,0,0,0,0,0,0,0,0,0,0,0,,0,0,1,1,0,1,0,0,0,0,0,,,18–20,The Five Boroughs,Female,,"I mostly come across news passively (social media, conversations, or notifications)","Short-form videos (TikTok, Instagram Reels, YouTube Shorts)",Morning,Definitely yes,0
0,0,1,0,0,0,0,1,1,0,1,0,0,,0,0,1,0,1,0,1,1,0,0,0,0,1,1,0,0,1,0,1,0,1,1,1,1,1,1,0,,0,0,0,0,0,0,0,0,0,0,0,0,0,0,1,,0,0,1,1,0,1,0,0,0,0,0,,Try more short form media,21–23,The Five Boroughs,Female,Once a day,"I mostly come across news passively (social media, conversations, or notifications)",Interactive visuals/infographics,Afternoon,Probably yes,1
1,0,0,0,1,0,0,0,0,0,0,0,0,,0,0,1,1,0,1,0,0,0,0,0,0,1,1,0,0,1,0,1,0,0,1,1,1,1,1,0,,0,0,0,0,0,0,0,0,0,0,0,0,0,0,1,,0,0,1,0,0,0,0,0,0,0,0,,,18–20,The Five Boroughs,Male,A few times a week,"I mostly come across news passively (social media, conversations, or notifications)","Short-form videos (TikTok, Instagram Reels, YouTube Shorts)",Afternoon,Might or might not,0
1,0,1,1,1,1,1,0,0,0,0,0,0,,1,1,0,1,1,1,0,0,0,1,0,0,1,0,0,0,1,0,0,0,1,1,1,1,1,1,1,,1,0,1,0,0,0,1,0,0,1,1,0,0,0,0,,1,0,0,1,0,0,0,1,0,0,0,,Not really ,18–20,The Five Boroughs,Male,Multiple times a day,"I mostly come across news passively (social media, conversations, or notifications)","Social feeds & stories (Instagram, Twitter/X)",Evening,Probably yes,0
1,0,1,0,0,0,0,0,1,0,1,0,0,,1,1,1,1,1,1,0,0,0,0,0,0,1,0,0,1,1,1,1,0,1,1,1,1,1,1,1,,0,0,0,0,0,0,0,0,0,0,0,0,0,0,0,,1,1,0,0,0,0,1,0,0,0,0,,,18–20,The Five Boroughs,Female,Once a day,A mix of both active and passive engagement,Podcasts/Radio,Morning,Might or might not,0
1,0,1,0,1,0,0,1,0,0,0,0,0,,0,1,0,0,0,0,1,1,0,0,0,1,0,1,0,1,1,0,1,0,1,1,1,1,1,1,0,,1,1,0,0,0,0,0,0,1,0,1,0,0,0,0,,1,0,1,1,0,0,0,1,0,1,0,,No,21–23,The Five Boroughs,Male,Multiple times a day,"I mostly come across news passively (social media, conversations, or notifications)","Short-form videos (TikTok, Instagram Reels, YouTube Shorts)",Afternoon,Probably yes,0
1,1,0,0,1,0,0,0,0,0,1,0,0,,1,1,0,0,1,0,0,0,0,1,0,0,1,1,0,0,1,0,1,0,1,1,1,1,1,1,1,,1,1,1,0,0,0,0,0,0,0,0,0,0,0,0,,1,0,1,0,0,0,0,0,0,0,0,,"Just follow Wall Street Journal’s formula, they deliver news really well. I like the guy who looks like JD Vance.",18–20,The Five Boroughs,Male,Multiple times a day,A mix of both active and passive engagement,"Short-form videos (TikTok, Instagram Reels, YouTube Shorts)",Morning,Probably yes,1
1,1,1,0,1,0,0,0,0,0,1,0,0,,1,1,1,1,1,0,0,0,0,0,0,1,1,0,0,0,1,0,1,0,1,1,1,1,1,1,0,,1,0,0,0,0,0,0,0,0,0,1,0,0,0,0,,0,1,0,0,0,1,0,1,0,0,0,,Needs to feel sleek and professional.,18–20,Long Island,Female,Once a day,A mix of both active and passive engagement,Headlines with brief summaries,Late Night,Probably not,0
1,0,0,0,0,0,0,0,1,0,1,0,0,,1,1,1,0,0,0,0,0,0,0,0,0,0,1,0,0,1,1,0,0,0,1,1,0,0,0,0,,1,0,1,0,0,1,0,0,0,1,1,1,0,0,0,,0,1,0,0,0,1,0,1,1,1,0,,,21–23,Long Island,Female,Multiple times a day,I actively seek out and read the news,Podcasts/Radio,Early Morning,Might or might not,0
1,0,0,0,0,0,0,1,0,0,1,0,0,,1,1,1,0,0,0,0,0,0,0,0,0,0,0,0,1,1,0,0,0,1,1,1,1,1,1,1,,0,0,0,0,0,0,0,0,0,0,1,1,0,0,1,,0,0,1,0,0,0,0,1,1,0,0,,,21–23,Non Greater Metro,Female,A few times a week,"I mostly come across news passively (social media, conversations, or notifications)",Interactive visuals/infographics,Evening,Probably yes,0
1,1,0,0,0,0,0,1,0,0,1,0,0,,0,1,1,0,1,0,0,0,0,0,0,0,0,1,0,0,1,1,1,0,1,1,1,1,1,1,1,,0,0,0,0,0,0,0,0,0,0,0,0,0,0,0,,0,0,1,0,0,1,0,1,0,0,0,,,21–23,Non Greater Metro,Female,Once every six months,"I mostly come across news passively (social media, conversations, or notifications)","Short-form videos (TikTok, Instagram Reels, YouTube Shorts)",Evening,Definitely yes,0
1,1,0,0,0,0,0,1,0,0,1,0,0,,0,1,1,1,1,1,0,0,0,1,0,1,1,0,1,0,1,0,1,1,1,1,1,1,1,1,1,,0,1,0,0,0,0,0,0,0,0,1,0,0,0,0,,0,0,0,0,1,1,0,0,0,0,0,,,21–23,The Five Boroughs,Male,Multiple times a day,I actively seek out and read the news,Headlines with brief summaries,Evening,Definitely yes,0
1,0,0,0,1,0,0,0,0,0,0,0,0,,1,1,0,0,0,0,1,1,0,0,0,0,0,0,0,1,1,1,1,0,1,1,1,1,1,1,1,,0,0,0,0,0,0,0,0,0,0,0,0,0,0,0,,1,0,1,0,0,0,0,0,1,0,0,,,24–26,Non Greater Metro,Female,A few times a week,"I mostly come across news passively (social media, conversations, or notifications)",Interactive visuals/infographics,Evening,Probably not,0
1,1,0,0,0,0,0,0,0,0,0,0,0,,1,0,0,0,1,1,0,0,0,0,1,0,0,1,0,0,1,1,0,1,0,1,1,1,1,1,0,,1,0,1,1,0,1,0,0,0,0,1,1,0,0,0,,0,0,1,0,0,0,0,0,0,0,0,,,21–23,Long Island,Female,A few times a week,"I mostly come across news passively (social media, conversations, or notifications)","Short-form videos (TikTok, Instagram Reels, YouTube Shorts)",Afternoon,Might or might not,0
1,1,1,0,1,0,1,1,1,0,0,1,0,,0,0,0,0,0,1,1,0,0,1,0,0,1,1,0,0,1,1,1,0,1,1,1,1,1,1,0,,1,0,1,0,0,1,0,0,0,1,1,0,1,0,0,,0,0,1,0,0,0,0,1,1,0,0,,For the News to be in add on our social media ,24–26,New Jersey,Male,Multiple times a day,"I mostly come across news passively (social media, conversations, or notifications)","Social feeds & stories (Instagram, Twitter/X)",Afternoon,Probably yes,0
1,0,0,0,0,0,0,0,0,0,1,0,0,,1,1,1,0,0,0,0,0,0,1,0,0,1,0,0,0,1,0,1,0,1,1,1,1,1,1,1,,0,0,0,0,0,0,0,0,0,0,1,0,0,0,0,,0,1,1,0,0,0,0,0,0,1,0,,Clean and professional format. Not too much clutter. ,24–26,The Five Boroughs,Female,Once a day,"I mostly come across news passively (social media, conversations, or notifications)","Short-form videos (TikTok, Instagram Reels, YouTube Shorts)",Afternoon,Probably not,1
0,1,0,0,0,0,0,0,1,0,1,0,0,,1,1,0,1,1,0,0,0,0,0,0,0,1,1,0,0,1,0,0,0,1,1,1,1,1,1,0,,1,1,0,0,0,0,0,0,0,0,0,0,0,0,0,,0,0,1,1,0,0,0,0,0,1,0,,,18–20,The Five Boroughs,Female,Multiple times a day,A mix of both active and passive engagement,Podcasts/Radio,Early Morning,Might or might not,0
1,1,0,1,0,0,0,0,1,0,1,0,0,,1,1,1,1,0,1,0,1,0,1,0,1,0,0,1,1,1,0,1,0,1,1,1,1,1,1,1,,1,0,0,0,0,0,0,0,1,0,1,1,0,0,0,,1,0,1,0,0,1,1,0,0,0,0,,Aesthetic lay out of the app and clean format by easy to use,21–23,The Five Boroughs,Female,Once a day,I actively seek out and read the news,"Short-form videos (TikTok, Instagram Reels, YouTube Shorts)",Evening,Might or might not,0
0,1,0,0,0,0,0,1,1,0,1,0,0,,0,0,0,0,1,1,1,1,0,0,0,1,1,0,1,0,1,1,1,1,0,1,1,1,1,1,1,,1,0,0,0,0,0,0,0,0,1,1,0,0,0,0,,0,0,1,1,1,1,0,0,1,0,0,,,21–23,New Jersey,Female,Once a day,"I mostly come across news passively (social media, conversations, or notifications)","Short-form videos (TikTok, Instagram Reels, YouTube Shorts)",Evening,Probably yes,0
1,0,0,0,0,0,0,0,1,0,1,0,0,,1,1,1,0,1,1,1,1,1,0,0,0,1,0,0,0,1,1,1,1,1,1,1,1,1,1,0,,0,1,1,0,1,1,0,0,1,0,1,1,0,0,0,,0,1,0,0,0,0,0,0,1,0,0,,Daily recap. I really like the NYT Daily podcast because it tells me what I need to know in a morning recap. ,21–23,Long Island,Female,Once a day,A mix of both active and passive engagement,Podcasts/Radio,Early Morning,Might or might not,1
1,0,0,0,1,0,0,1,1,0,1,1,0,,1,1,1,1,1,1,1,0,0,1,0,1,1,1,0,1,1,1,1,0,1,1,1,1,1,1,1,Financial Times,1,1,1,1,1,1,1,0,1,1,1,1,1,1,0,,1,0,1,1,0,0,0,1,1,1,0,,Staying objective/ being aware of political biases like how Ground News does. ,21–23,The Five Boroughs,Male,Multiple times a day,"I mostly come across news passively (social media, conversations, or notifications)","Short-form videos (TikTok, Instagram Reels, YouTube Shorts)",Morning,Probably yes,1
0,0,0,0,1,0,0,0,1,0,0,0,0,,0,1,1,1,0,0,0,0,0,1,0,0,1,0,0,0,1,0,1,0,1,1,1,1,1,1,1,,0,1,0,0,0,0,0,0,0,0,0,0,0,0,0,,0,0,1,1,1,0,0,0,0,0,0,,"News personalities. It’s not only about the content but about the person giving you the information. If I feel this person is genuine, I want to hear more of it. Additionally it feels like their reputation is on the line if they’re publishing it vs. It being an unauthored news story ",24–26,The Five Boroughs,Male,Once a day,A mix of both active and passive engagement,Podcasts/Radio,Morning,Probably yes,0
1,1,0,0,0,0,0,0,0,0,1,1,0,,1,1,0,0,0,0,1,0,0,0,0,1,1,1,0,0,1,1,1,1,0,1,1,1,1,1,1,,0,0,0,0,0,0,0,0,0,1,0,0,0,0,0,,1,0,1,0,0,0,0,0,0,0,0,,"Short, bold titles with a summary description that hits the main points",21–23,Long Island,Female,A few times a week,"I mostly come across news passively (social media, conversations, or notifications)","Short-form videos (TikTok, Instagram Reels, YouTube Shorts)",Evening,Probably yes,0
1,1,0,0,0,0,0,1,0,0,0,0,0,,1,1,0,1,0,1,0,0,0,0,0,1,0,0,0,0,1,1,1,0,1,1,1,1,1,1,1,,0,0,1,0,0,1,0,0,0,0,1,0,0,0,0,,0,1,1,0,0,1,0,0,0,0,0,,,18–20,The Five Boroughs,Male,Multiple times a day,"I mostly come across news passively (social media, conversations, or notifications)","Short-form videos (TikTok, Instagram Reels, YouTube Shorts)",Morning,Definitely yes,0
1,1,1,0,0,0,0,1,0,0,0,0,0,,1,0,0,1,0,0,0,0,0,0,0,1,0,1,0,0,1,1,1,0,1,1,1,1,1,1,0,,0,1,1,0,0,1,0,0,1,0,1,0,0,0,0,,1,0,1,0,0,0,0,0,1,0,0,,,21–23,The Five Boroughs,Female,Multiple times a day,"I mostly come across news passively (social media, conversations, or notifications)",Headlines with brief summaries,Evening,Probably yes,0
1,1,1,1,1,0,0,0,0,0,1,0,0,,1,1,1,0,0,1,0,0,0,0,0,0,1,0,0,0,1,0,1,1,1,1,1,1,1,1,1,,0,0,0,0,0,1,0,0,0,0,1,0,0,0,0,,0,0,0,1,1,0,0,0,0,0,0,,,21–23,The Five Boroughs,Male,A few times a week,"I mostly come across news passively (social media, conversations, or notifications)",Headlines with brief summaries,Evening,Probably yes,0
1,1,0,0,0,1,0,0,0,0,0,0,0,,1,1,1,1,1,0,1,1,1,1,0,0,0,1,0,0,1,0,1,0,1,1,1,1,1,1,1,,0,0,0,0,0,0,0,0,0,0,1,1,0,0,0,,1,1,1,0,1,1,0,0,1,1,0,,,21–23,Non Greater Metro,Female,Once a day,"I mostly come across news passively (social media, conversations, or notifications)","Short-form videos (TikTok, Instagram Reels, YouTube Shorts)",Evening,Might or might not,0
0,0,0,0,0,0,0,0,0,0,1,0,0,,0,1,0,1,0,0,0,0,0,1,0,0,0,1,0,0,1,0,0,0,1,1,1,0,0,0,0,,0,0,1,0,0,0,0,0,0,0,1,1,0,0,0,,0,0,0,0,1,1,0,0,0,1,0,,Audio option,18–20,The Five Boroughs,Female,A few times a week,I actively seek out and read the news,Podcasts/Radio,Morning,Definitely yes,1
1,0,1,0,1,0,0,1,1,0,0,0,0,,0,1,1,1,0,1,0,0,0,0,0,0,0,1,0,0,1,1,1,0,1,1,1,1,1,1,0,,1,0,1,0,0,0,1,0,1,0,1,0,1,0,0,,0,1,0,1,0,0,0,0,0,1,0,,Relevancy to problems related to life at that age,18–20,The Five Boroughs,Male,Multiple times a day,A mix of both active and passive engagement,Podcasts/Radio,Afternoon,Might or might not,1
1,1,1,1,1,0,0,0,1,0,1,0,0,,0,1,1,1,0,1,1,0,0,1,0,0,0,0,0,1,1,0,0,0,1,1,1,1,1,1,1,,1,0,1,0,0,0,0,0,0,0,1,0,0,0,0,,1,0,0,0,0,0,0,0,0,0,0,,,21–23,The Five Boroughs,Male,Multiple times a day,I actively seek out and read the news,Long-form articles,Evening,Might or might not,1
0,0,0,0,0,0,0,0,0,0,1,0,0,,0,0,1,1,0,0,1,0,0,1,0,0,0,1,1,0,1,1,1,0,1,1,1,1,1,1,0,,0,1,0,0,0,0,0,0,0,0,0,0,0,0,0,,0,0,1,1,0,1,0,0,0,0,0,,,21–23,New Jersey,Female,A few times a week,"I mostly come across news passively (social media, conversations, or notifications)",Headlines with brief summaries,Morning,Probably yes,0
1,1,1,1,0,0,0,0,0,0,0,0,0,,0,0,0,1,0,1,0,0,0,0,0,1,0,0,0,0,1,1,1,0,0,1,1,1,1,1,1,,0,0,1,0,0,0,0,0,0,0,0,0,0,0,0,,0,1,1,0,0,0,0,0,0,0,0,,,24–26,The Five Boroughs,Male,A few times a week,"I mostly come across news passively (social media, conversations, or notifications)","Short-form videos (TikTok, Instagram Reels, YouTube Shorts)",Afternoon,Probably yes,0
1,1,1,0,0,0,0,0,0,0,0,0,0,,0,0,0,0,0,1,1,1,0,0,0,1,0,0,0,0,1,1,1,1,1,1,1,1,1,1,1,,1,0,1,0,0,0,0,0,0,0,1,0,0,0,0,,0,0,1,0,1,0,0,0,0,1,1,I’m ,No,18–20,Long Island,Male,Multiple times a day,"I mostly come across news passively (social media, conversations, or notifications)","Short-form videos (TikTok, Instagram Reels, YouTube Shorts)",Evening,Might or might not,0
1,0,1,0,0,0,0,1,0,0,1,1,0,,0,0,1,1,1,1,0,0,0,1,0,0,1,0,0,0,1,1,1,1,1,1,1,1,1,1,0,Financial Times,1,0,1,0,0,0,0,0,0,0,1,0,0,0,0,,1,0,1,0,1,0,0,0,0,0,0,,News to pertain more neutral rather than politically targeted/focused. ,21–23,The Five Boroughs,Male,Multiple times a day,A mix of both active and passive engagement,Long-form articles,Evening,Might or might not,0
1,1,1,0,0,0,0,1,0,0,0,0,0,,1,1,0,1,1,1,0,0,0,0,0,1,1,0,0,0,1,0,0,0,1,1,1,1,1,1,0,,0,1,1,0,0,1,0,0,0,0,1,0,1,0,0,,1,0,1,0,0,0,0,0,1,0,0,,"Make it personal/relatable to their lives, maybe more news thats closer to home so they are aware of what is happening in their area.",21–23,The Five Boroughs,Male,A few times a week,A mix of both active and passive engagement,"Short-form videos (TikTok, Instagram Reels, YouTube Shorts)",Late Night,Probably yes,1
0,1,0,0,0,0,0,0,0,0,0,0,0,,0,1,1,0,0,1,0,0,0,0,0,1,1,0,0,0,1,1,1,0,1,1,1,1,1,1,1,,1,0,1,0,0,0,0,0,0,0,0,0,0,0,0,,0,0,1,0,0,1,0,1,0,0,0,,,21–23,Non Greater Metro,Female,A few times a week,A mix of both active and passive engagement,"Short-form videos (TikTok, Instagram Reels, YouTube Shorts)",Evening,Probably yes,0
1,1,0,0,0,0,0,1,0,0,0,0,0,,1,0,0,1,0,0,0,0,0,1,0,0,1,0,0,0,1,0,1,0,1,1,1,1,1,1,0,,1,0,1,0,0,1,0,0,0,0,1,0,0,0,0,,0,0,0,0,0,1,0,0,0,0,0,,Just too expensive. ,21–23,The Five Boroughs,Female,Multiple times a day,"I mostly come across news passively (social media, conversations, or notifications)","Short-form videos (TikTok, Instagram Reels, YouTube Shorts)",Evening,Probably yes,1
1,1,0,0,1,0,0,0,0,0,1,0,0,,1,1,1,1,0,0,1,0,0,1,0,1,1,0,0,0,1,0,1,0,1,1,1,1,1,1,1,,0,0,0,0,0,0,0,0,0,0,1,0,0,0,0,,1,1,0,0,1,1,0,0,0,0,0,,"Bold, short titles with good message. Truthful journalism.",21–23,The Five Boroughs,Female,Once a day,"I mostly come across news passively (social media, conversations, or notifications)","Short-form videos (TikTok, Instagram Reels, YouTube Shorts)",Afternoon,Might or might not,0
1,1,1,0,0,0,0,1,1,0,1,0,0,,1,1,0,0,1,0,0,0,0,0,0,0,0,1,0,0,1,0,1,0,1,1,1,1,1,1,1,,0,0,0,0,0,0,0,0,0,0,0,0,0,0,0,,1,0,1,0,1,0,0,0,0,0,0,,,24–26,The Five Boroughs,Female,Multiple times a day,A mix of both active and passive engagement,Headlines with brief summaries,Early Morning,Probably yes,0
1,0,0,0,0,0,0,1,0,0,1,1,0,,1,1,1,0,1,1,0,1,1,0,0,0,1,1,0,0,1,1,1,0,1,1,1,1,1,1,1,,1,1,0,0,0,0,1,0,1,1,1,1,1,0,0,,1,0,1,1,0,0,0,0,1,1,0,,Nope,18–20,The Five Boroughs,Female,Multiple times a day,"I mostly come across news passively (social media, conversations, or notifications)","Short-form videos (TikTok, Instagram Reels, YouTube Shorts)",Morning,Definitely yes,1
1,1,0,0,0,0,0,0,1,0,1,0,0,,1,1,1,0,0,0,0,0,0,0,0,1,0,0,0,0,0,1,0,0,0,1,1,1,1,1,1,,0,0,1,0,0,0,0,0,0,0,0,0,0,0,0,,0,1,0,0,0,0,0,0,0,0,0,,,18–20,Long Island,Female,Multiple times a day,"I mostly come across news passively (social media, conversations, or notifications)","Short-form videos (TikTok, Instagram Reels, YouTube Shorts)",Morning,Probably not,0
1,1,0,0,0,0,0,1,0,0,1,1,0,,1,0,0,0,1,0,1,0,0,1,0,1,0,0,0,0,1,1,1,1,1,1,1,1,1,1,0,,0,1,0,0,1,0,0,0,0,1,1,1,0,0,0,,0,1,0,0,0,0,1,0,1,0,0,,,18–20,Long Island,Female,Multiple times a day,A mix of both active and passive engagement,"Social feeds & stories (Instagram, Twitter/X)",Morning,Might or might not,0
1,0,0,0,1,0,0,0,0,0,1,0,0,,0,0,1,1,0,0,0,0,0,1,0,1,0,0,0,0,1,0,0,0,1,1,0,0,0,1,0,,1,0,0,0,0,0,0,0,0,0,0,0,0,0,0,,0,1,1,0,0,0,0,0,0,0,0,,,21–23,The Five Boroughs,Male,Once a day,"I mostly come across news passively (social media, conversations, or notifications)",Headlines with brief summaries,Early Morning,Probably yes,1
1,0,0,0,0,0,0,0,0,0,0,0,0,,0,0,0,0,0,0,0,0,0,0,1,1,0,0,0,0,1,1,1,1,1,1,1,1,1,1,1,,0,0,1,0,0,0,0,0,0,0,1,0,0,0,0,,1,0,1,0,0,0,0,0,0,0,0,,,24–26,Long Island,Male,A few times a week,"I mostly come across news passively (social media, conversations, or notifications)","Social feeds & stories (Instagram, Twitter/X)",Morning,Probably yes,0
1,1,0,0,0,0,0,0,0,0,0,0,0,,1,0,1,0,0,0,0,1,0,0,0,1,0,0,0,1,1,0,0,0,1,1,0,0,0,1,0,,0,1,0,0,0,0,0,0,0,0,0,0,0,0,0,,0,0,1,0,0,0,0,1,0,0,0,,,18–20,The Five Boroughs,Female,Multiple times a day,"I mostly come across news passively (social media, conversations, or notifications)","Social feeds & stories (Instagram, Twitter/X)",Evening,Probably yes,0
1,0,1,0,0,0,0,0,1,0,1,0,0,,1,0,0,1,0,1,0,0,0,0,0,0,0,1,0,0,1,0,1,0,1,1,1,1,1,1,0,,1,0,1,0,0,1,0,0,0,1,1,0,0,0,0,,1,0,0,0,0,1,0,0,0,0,0,,,24–26,The Five Boroughs,Male,A few times a week,A mix of both active and passive engagement,Podcasts/Radio,Morning,Probably yes,0
1,0,0,0,1,0,0,0,0,0,1,0,0,,0,1,0,1,0,0,1,0,0,1,0,1,0,0,0,0,1,0,1,1,1,1,1,1,1,1,0,,0,0,0,0,0,0,0,0,0,0,1,1,0,0,0,,1,0,1,0,0,0,0,0,0,0,0,,AI summarization of news events ,18–20,The Five Boroughs,Male,Multiple times a day,A mix of both active and passive engagement,"Short-form videos (TikTok, Instagram Reels, YouTube Shorts)",Morning,Might or might not,0
1,1,0,0,0,0,0,0,0,0,0,1,0,,0,0,0,0,1,0,1,1,0,0,0,1,0,0,1,0,1,1,1,1,1,1,1,1,1,1,1,,0,1,0,0,0,0,0,0,0,0,1,1,0,0,0,,0,0,1,1,1,0,0,0,0,0,0,,,24–26,New Jersey,Female,A few times a week,I rarely or never follow the news,"Short-form videos (TikTok, Instagram Reels, YouTube Shorts)",Evening,Might or might not,0
1,0,1,0,0,0,0,0,0,0,1,0,0,,1,0,0,1,1,0,1,0,1,0,0,0,1,0,0,0,1,1,1,1,1,1,1,1,1,1,1,,0,0,0,0,0,0,1,0,0,0,1,1,0,0,0,,1,1,0,0,0,0,0,0,1,0,0,,Adding polls on reader’s thoughts ,21–23,Long Island,Female,A few times a week,A mix of both active and passive engagement,Headlines with brief summaries,Evening,Might or might not,0
1,0,0,0,0,0,0,0,0,0,0,0,0,,1,0,0,1,0,1,1,0,0,0,0,1,0,0,0,0,1,1,1,0,1,1,1,1,1,1,1,,0,0,0,0,0,0,0,0,0,0,1,1,0,0,0,,1,1,0,0,0,0,0,1,0,0,0,,,24–26,The Five Boroughs,Male,A few times a week,"I mostly come across news passively (social media, conversations, or notifications)",Headlines with brief summaries,Evening,Might or might not,1
0,0,0,0,0,0,0,0,0,0,0,0,1,,0,0,0,0,0,0,0,0,0,0,1,0,0,0,0,0,0,0,0,0,0,0,0,0,0,0,0,,0,0,0,0,0,0,0,0,0,0,0,0,0,0,1,,0,0,0,0,0,0,0,0,0,0,1,,,,Non Greater Metro,Prefer not to say,Never,,"Social feeds & stories (Instagram, Twitter/X)",,Definitely not,0
1,1,0,0,1,0,1,1,0,0,1,0,0,,0,1,0,1,1,1,0,0,0,0,0,1,0,1,0,0,1,1,1,0,1,1,1,1,1,1,1,,0,1,1,0,0,0,1,0,0,1,1,0,0,0,0,,1,1,1,1,1,0,0,0,0,0,0,,Having more short videos and better headlines rather than a long article to read,21–23,The Five Boroughs,Male,A few times a week,"I mostly come across news passively (social media, conversations, or notifications)","Short-form videos (TikTok, Instagram Reels, YouTube Shorts)",Late Night,Probably yes,1
1,1,0,0,0,0,0,1,0,1,1,0,0,,1,1,0,0,1,1,0,0,0,0,0,1,0,0,0,0,1,1,1,1,1,1,1,1,1,1,0,,1,0,1,0,0,1,0,0,0,1,0,0,0,0,0,,0,0,1,0,1,0,0,0,0,0,0,,,21–23,The Five Boroughs,Female,Once a day,A mix of both active and passive engagement,"Social feeds & stories (Instagram, Twitter/X)",Evening,Probably yes,0
1,1,1,0,0,0,0,0,0,0,0,0,0,,1,1,0,0,0,0,0,0,0,0,0,1,0,0,0,0,1,0,0,0,0,1,1,1,1,1,1,,0,0,0,0,0,0,0,0,0,0,0,0,1,0,0,,0,1,0,0,0,0,0,0,1,0,0,,,21–23,The Five Boroughs,Female,A few times a week,"I mostly come across news passively (social media, conversations, or notifications)","Social feeds & stories (Instagram, Twitter/X)",Afternoon,Probably yes,0
0,0,1,0,1,0,0,0,1,0,0,0,0,,1,1,0,1,0,1,1,0,1,0,0,0,0,0,0,1,1,1,1,1,1,1,1,1,1,1,0,,0,1,0,0,0,0,1,0,1,0,1,0,0,0,0,,0,1,1,0,0,0,0,0,1,0,0,,Not biased,21–23,The Five Boroughs,Male,Multiple times a day,I actively seek out and read the news,Podcasts/Radio,Afternoon,Might or might not,0
1,1,0,0,1,0,0,0,0,0,0,0,0,,0,1,0,1,0,0,1,1,0,1,0,0,1,1,0,1,1,0,0,1,1,1,1,1,1,1,1,,1,0,1,0,0,0,0,0,0,0,1,0,0,0,0,,1,1,1,0,1,0,0,0,0,0,0,,bias filters and authenticity ,21–23,Long Island,Female,Multiple times a day,A mix of both active and passive engagement,Headlines with brief summaries,Morning,Definitely yes,1
1,1,0,0,1,0,1,1,0,1,1,1,0,,1,1,0,1,1,1,1,0,0,1,0,1,0,1,0,0,1,1,1,0,1,1,1,1,1,1,0,,1,0,1,0,0,1,0,0,0,1,1,0,0,0,0,,1,0,1,0,0,1,0,0,0,0,0,,,18–20,Long Island,Male,Multiple times a day,A mix of both active and passive engagement,Interactive visuals/infographics,Afternoon,Definitely yes,0
1,1,1,0,0,0,0,1,0,0,1,0,0,,1,0,0,1,0,1,0,0,0,0,0,1,0,0,0,0,1,0,1,0,1,1,1,1,1,1,1,,1,0,1,0,0,0,1,0,0,1,1,0,0,0,0,,0,0,0,0,0,1,0,0,0,0,0,,No,21–23,Non Greater Metro,Male,Multiple times a day,"I mostly come across news passively (social media, conversations, or notifications)","Short-form videos (TikTok, Instagram Reels, YouTube Shorts)",Evening,Probably not,0
1,1,1,0,1,0,0,1,1,0,1,0,0,,0,1,0,1,1,0,1,0,0,1,0,1,0,1,0,0,1,1,1,0,1,1,1,1,1,1,0,,0,1,1,0,0,0,0,1,0,0,1,1,0,0,0,,1,1,0,1,0,1,0,0,0,1,0,,yahoo finance,18–20,Long Island,Female,A few times a week,"I mostly come across news passively (social media, conversations, or notifications)",Podcasts/Radio,Morning,Probably yes,1
0,0,0,0,1,0,0,0,0,0,1,0,0,,1,1,1,0,0,1,0,0,0,0,0,0,0,1,0,1,1,1,1,0,1,1,1,1,1,1,0,,0,0,1,0,0,0,0,0,0,0,1,1,0,0,0,,1,1,0,0,0,1,1,0,1,0,0,,Covering relevant topics unbiasedly (biases from big new outlets are to easily noticeable) ,21–23,The Five Boroughs,Male,A few times a week,I actively seek out and read the news,Long-form articles,Evening,Probably not,1
1,1,1,0,0,0,0,1,0,0,1,0,0,,1,0,0,1,0,1,0,0,0,0,0,0,1,1,0,0,1,1,1,0,1,1,1,1,1,1,0,,0,1,0,0,0,1,0,1,1,0,0,0,0,0,0,,1,0,1,1,0,1,0,0,0,1,0,,,18–20,The Five Boroughs,Female,Multiple times a day,"I mostly come across news passively (social media, conversations, or notifications)","Short-form videos (TikTok, Instagram Reels, YouTube Shorts)",Evening,Probably yes,0
1,1,0,0,0,0,0,1,0,1,1,1,0,,0,0,1,1,0,0,1,1,0,1,0,1,0,0,0,0,1,1,1,1,1,1,1,1,1,1,0,,0,0,0,0,0,0,0,0,0,0,0,0,0,0,0,,1,0,1,0,0,0,0,0,0,0,0,,,21–23,The Five Boroughs,Female,Multiple times a day,A mix of both active and passive engagement,"Short-form videos (TikTok, Instagram Reels, YouTube Shorts)",Evening,Probably yes,0
1,0,1,0,0,0,0,0,1,0,1,0,0,,1,1,1,1,0,1,0,0,1,1,0,0,1,0,0,0,1,1,1,1,1,1,1,1,1,1,0,,1,0,1,0,0,1,0,0,1,0,1,1,0,0,0,,1,0,0,1,1,0,0,0,0,0,0,,,21–23,Long Island,Male,Multiple times a day,I actively seek out and read the news,Interactive visuals/infographics,Morning,Probably not,1
0,1,0,0,0,0,0,0,1,0,1,0,0,,1,1,1,0,1,0,0,1,0,0,0,0,0,1,0,0,1,0,0,0,0,1,1,1,1,1,1,,1,1,1,0,0,0,0,0,0,0,1,1,0,0,0,,0,0,1,0,1,0,0,0,0,0,0,,,21–23,The Five Boroughs,Female,Once a day,A mix of both active and passive engagement,"Short-form videos (TikTok, Instagram Reels, YouTube Shorts)",Evening,Probably yes,0
1,1,0,0,0,0,0,0,0,0,1,0,0,,0,1,0,0,1,0,0,1,0,1,0,1,0,0,0,0,1,0,1,0,1,1,1,1,1,1,0,,1,1,0,0,0,0,0,0,0,0,0,0,0,0,0,,1,1,1,0,0,1,0,0,1,0,0,,Short form videos,21–23,The Five Boroughs,Female,Multiple times a day,"I mostly come across news passively (social media, conversations, or notifications)","Short-form videos (TikTok, Instagram Reels, YouTube Shorts)",Afternoon,Definitely yes,0
1,1,0,0,0,0,0,0,0,0,1,0,0,,1,1,1,1,0,0,1,0,0,1,0,1,0,0,0,0,1,0,0,0,1,1,1,1,1,1,0,,0,1,0,0,0,0,0,0,1,0,1,1,0,0,0,,0,0,1,0,1,0,0,1,0,0,0,,Efficient and quick to read and get the point across. ,21–23,Long Island,Female,Multiple times a day,A mix of both active and passive engagement,Long-form articles,Morning,Probably yes,0
1,1,1,0,0,0,0,1,1,0,0,0,0,,1,0,1,1,1,1,1,1,0,0,0,1,0,0,0,0,1,1,1,0,1,1,1,1,1,1,0,,1,0,1,0,1,0,0,0,0,0,1,0,1,0,0,,0,0,0,1,0,1,0,0,0,1,0,,,21–23,The Five Boroughs,Female,Multiple times a day,A mix of both active and passive engagement,"Short-form videos (TikTok, Instagram Reels, YouTube Shorts)",Afternoon,Definitely yes,0
1,1,0,0,0,0,1,0,0,0,0,0,0,,0,1,0,0,1,1,1,0,0,0,0,1,0,0,0,0,1,0,1,0,0,1,1,1,1,1,0,,1,0,0,0,0,0,0,0,0,0,1,1,0,0,0,,0,0,1,0,0,0,0,0,0,0,0,,,21–23,Non Greater Metro,Female,Multiple times a day,I rarely or never follow the news,"Short-form videos (TikTok, Instagram Reels, YouTube Shorts)",Evening,Probably yes,0
1,1,1,1,0,1,0,1,0,0,0,0,0,,1,1,1,1,0,0,0,0,0,1,0,0,0,1,0,0,1,0,0,0,0,1,1,1,1,1,1,,1,1,1,0,0,0,0,0,0,0,0,0,0,0,0,,1,1,1,0,0,0,0,0,0,0,0,,No,18–20,The Five Boroughs,Male,Multiple times a day,I actively seek out and read the news,Headlines with brief summaries,Early Morning,Probably yes,0
1,1,0,0,0,0,0,0,0,0,0,0,0,,1,1,0,1,1,1,1,1,0,1,0,1,1,1,1,0,1,1,1,1,1,1,1,1,1,1,0,,0,0,1,0,0,1,0,0,0,0,1,0,0,0,0,,1,0,0,0,1,1,0,0,1,1,0,,,24–26,Long Island,Female,Multiple times a day,I actively seek out and read the news,"Social feeds & stories (Instagram, Twitter/X)",Morning,Definitely yes,1
1,1,0,0,0,0,1,0,0,0,0,0,0,,1,1,0,0,0,0,0,0,0,0,0,1,0,0,0,0,1,0,1,0,1,1,1,1,1,1,0,,1,0,0,0,0,0,0,0,0,0,1,0,0,0,0,,1,0,0,0,0,0,0,0,0,0,0,,,21–23,Long Island,Male,Once a day,"I mostly come across news passively (social media, conversations, or notifications)","Short-form videos (TikTok, Instagram Reels, YouTube Shorts)",Evening,Might or might not,0
1,1,0,0,0,0,0,0,0,0,0,0,0,,0,0,0,0,0,1,0,0,0,1,0,0,0,1,0,0,1,0,0,0,0,1,1,0,0,0,0,,0,0,1,0,0,0,0,0,0,0,0,0,0,0,0,,0,0,0,1,0,0,0,0,0,0,0,,,18–20,Non Greater Metro,Male,A few times a week,A mix of both active and passive engagement,Headlines with brief summaries,Afternoon,Probably not,1
1,1,0,0,0,0,0,0,0,0,1,0,0,,0,0,0,1,0,1,0,0,0,0,0,1,0,0,0,0,1,0,0,1,1,1,1,1,1,1,0,,0,0,1,0,0,1,0,0,0,0,1,0,0,0,0,,0,1,1,0,0,1,0,0,0,0,0,,"Gravitating towards their interests, like for me i like to follow social media pages and new stories that cover music and sports.",18–20,Long Island,Male,A few times a week,"I mostly come across news passively (social media, conversations, or notifications)","Social feeds & stories (Instagram, Twitter/X)",Morning,Might or might not,1
1,1,1,0,1,0,0,0,0,0,0,0,0,,1,1,1,1,0,1,0,0,0,0,0,1,1,1,0,1,0,0,0,0,0,0,0,0,0,0,0,,0,1,1,0,0,0,0,0,1,0,1,0,0,0,0,,1,1,1,0,0,0,0,0,0,0,0,,,21–23,The Five Boroughs,Male,Multiple times a day,"I mostly come across news passively (social media, conversations, or notifications)","Short-form videos (TikTok, Instagram Reels, YouTube Shorts)",Late Night,Might or might not,0
1,1,0,0,0,0,0,0,0,0,1,0,0,,1,0,0,0,1,1,1,1,0,0,0,1,0,0,0,1,1,1,1,1,1,1,1,1,1,1,0,,1,0,0,0,0,0,0,0,1,0,1,0,0,0,0,,1,0,1,0,0,0,1,0,0,0,0,,,21–23,The Five Boroughs,Female,Multiple times a day,"I mostly come across news passively (social media, conversations, or notifications)",Headlines with brief summaries,Evening,Probably yes,0
0,1,0,0,0,0,0,0,0,0,0,0,0,,0,0,0,0,0,0,0,1,0,0,0,1,0,0,0,0,1,1,1,1,1,1,1,1,1,1,1,,0,0,0,0,0,0,0,0,0,0,1,0,0,0,0,,0,0,1,1,0,0,0,1,0,0,0,,,21–23,Long Island,Male,Once a day,A mix of both active and passive engagement,"Short-form videos (TikTok, Instagram Reels, YouTube Shorts)",Afternoon,Probably yes,0
1,1,0,0,0,0,0,1,0,0,1,0,0,,1,1,1,0,1,0,0,0,0,0,0,1,0,0,0,0,1,1,1,1,1,1,1,1,1,1,1,,1,1,0,0,0,1,0,0,1,0,1,1,0,0,0,,1,0,1,0,0,1,1,0,0,0,0,,,21–23,The Five Boroughs,Female,Multiple times a day,A mix of both active and passive engagement,Headlines with brief summaries,Early Morning,Probably not,0
1,1,1,0,0,0,0,0,0,0,1,1,0,,1,1,0,0,1,1,1,1,0,0,0,1,0,1,0,0,1,0,0,0,0,1,1,1,1,1,0,,0,1,0,0,0,0,1,1,1,0,1,1,0,0,0,,0,1,0,0,1,1,0,0,0,0,0,,focus on news that directly affects our age group,21–23,Long Island,Female,Multiple times a day,"I mostly come across news passively (social media, conversations, or notifications)","Short-form videos (TikTok, Instagram Reels, YouTube Shorts)",Evening,Probably yes,0
1,0,0,0,0,0,0,0,0,0,0,0,0,,0,0,1,0,0,0,0,0,0,0,0,1,0,0,0,0,1,0,0,0,0,1,1,1,1,1,1,,1,0,0,0,0,0,0,0,0,0,0,0,0,0,0,,1,0,1,1,0,0,0,0,0,0,0,,,18–20,Long Island,Female,Once a day,I actively seek out and read the news,"Short-form videos (TikTok, Instagram Reels, YouTube Shorts)",Early Morning,Definitely not,0
1,1,0,0,0,0,1,1,0,0,0,1,0,,0,0,0,0,0,0,0,0,0,0,1,1,0,0,0,0,1,0,0,0,0,1,1,1,1,1,1,,0,0,0,1,0,0,0,0,0,0,0,0,0,0,0,,1,0,0,0,0,0,0,0,0,0,0,,,18–20,Non Greater Metro,Female,Multiple times a day,I actively seek out and read the news,"Short-form videos (TikTok, Instagram Reels, YouTube Shorts)",Evening,Probably yes,0
1,0,0,0,0,0,0,1,0,0,0,0,0,,1,1,0,0,0,0,0,0,0,0,0,0,1,1,0,0,1,1,1,1,0,1,1,1,1,1,1,,1,0,0,0,0,0,0,0,1,0,0,0,0,0,0,,0,0,0,0,0,0,1,0,0,0,0,,,18–20,Long Island,Female,A few times a week,A mix of both active and passive engagement,"Short-form videos (TikTok, Instagram Reels, YouTube Shorts)",Evening,Definitely yes,0
1,1,0,0,0,0,0,1,1,0,0,0,0,,1,1,1,1,1,1,0,1,0,0,0,0,0,1,0,0,1,0,1,0,1,1,1,1,1,1,1,,1,0,0,0,0,1,0,1,0,0,1,0,1,1,0,,1,0,0,1,1,1,1,0,1,0,0,,No,18–20,Long Island,Female,Once a day,"I mostly come across news passively (social media, conversations, or notifications)","Short-form videos (TikTok, Instagram Reels, YouTube Shorts)",Afternoon,Probably yes,0
1,1,0,0,0,0,0,1,1,0,1,0,0,,1,1,0,1,1,0,0,1,0,0,0,1,0,1,0,0,1,0,0,1,0,1,1,0,0,0,0,,0,1,1,0,0,1,0,0,1,0,1,1,0,0,0,,1,0,1,1,0,0,0,0,0,0,0,,Short videos and relevant topics ,18–20,Long Island,Female,Once a day,A mix of both active and passive engagement,"Social feeds & stories (Instagram, Twitter/X)",Morning,Probably yes,1
1,0,1,0,0,0,1,0,0,0,1,1,0,,0,0,0,1,0,0,0,1,0,1,0,1,0,1,0,0,1,0,0,0,1,1,0,0,0,1,1,,1,0,0,0,0,1,0,0,0,0,1,0,0,0,1,Devils ,0,0,1,0,0,1,0,0,0,1,0,,,18–20,New Jersey,Male,Multiple times a day,A mix of both active and passive engagement,Headlines with brief summaries,Evening,Probably yes,0
1,1,0,0,0,0,0,1,1,0,0,0,0,,1,1,0,1,1,1,0,1,0,0,0,0,0,1,0,0,1,1,0,0,0,1,1,1,1,1,1,,1,0,1,0,0,1,0,0,0,0,1,0,0,0,0,,1,1,1,0,0,1,1,1,1,1,0,,No,18–20,The Five Boroughs,Female,Once a day,A mix of both active and passive engagement,"Short-form videos (TikTok, Instagram Reels, YouTube Shorts)",Afternoon,Definitely yes,1
0,0,0,0,0,0,0,0,0,0,0,0,1,anything i find,0,0,0,0,0,0,0,0,0,0,1,1,1,0,0,0,1,1,1,1,1,1,1,1,1,1,1,,1,0,1,1,0,1,0,1,0,1,1,1,0,0,0,,0,0,0,1,1,1,0,1,1,1,0,,no not really,18–20,Long Island,Female,A few times a week,"I mostly come across news passively (social media, conversations, or notifications)","Short-form videos (TikTok, Instagram Reels, YouTube Shorts)",Evening,Probably yes,0
1,0,0,0,1,0,0,1,0,0,1,0,0,,1,1,1,1,1,1,1,1,1,1,0,0,0,0,0,1,1,0,0,0,1,1,1,1,1,1,1,,0,1,1,0,0,1,1,1,0,0,1,1,0,0,0,,0,0,1,0,0,0,1,0,1,0,0,,,21–23,The Five Boroughs,Male,Once a day,A mix of both active and passive engagement,Podcasts/Radio,Morning,Probably yes,0
1,0,0,0,0,0,0,0,1,0,0,0,0,,0,0,0,1,0,1,1,1,0,1,0,1,0,0,0,0,1,1,0,0,0,1,1,1,1,1,1,,1,1,1,0,0,0,0,0,0,0,0,0,0,1,0,,0,1,0,0,0,1,0,0,0,0,0,,Short and wuick,18–20,Long Island,Male,Multiple times a day,"I mostly come across news passively (social media, conversations, or notifications)","Short-form videos (TikTok, Instagram Reels, YouTube Shorts)",Evening,Might or might not,0
1,1,1,0,1,0,0,0,0,0,0,0,0,,1,1,0,1,1,1,0,0,0,1,0,1,0,0,0,0,0,0,0,0,1,1,1,1,1,1,1,,1,0,1,0,0,0,0,0,0,0,0,0,0,0,0,,0,0,1,0,0,0,0,0,0,0,0,,no,21–23,Long Island,Male,Multiple times a day,"I mostly come across news passively (social media, conversations, or notifications)","Short-form videos (TikTok, Instagram Reels, YouTube Shorts)",Late Night,Probably yes,0
1,1,1,0,0,0,0,1,0,0,0,0,0,,0,1,0,0,1,1,0,0,0,0,0,1,0,1,0,0,1,0,0,0,1,1,1,1,1,1,1,,1,0,0,0,0,0,0,0,0,0,0,0,0,0,0,,1,0,1,0,0,0,0,1,0,0,0,,Fast interesting videos for short attention spans ,18–20,The Five Boroughs,Male,Once a day,"I mostly come across news passively (social media, conversations, or notifications)","Short-form videos (TikTok, Instagram Reels, YouTube Shorts)",Afternoon,Probably yes,1
1,1,1,0,0,0,1,1,1,1,1,1,0,,1,1,0,1,0,1,1,0,0,0,0,0,0,1,0,0,1,1,1,1,1,1,1,1,1,1,1,,1,0,0,0,0,0,1,0,1,0,1,0,0,0,0,,1,1,0,1,0,0,0,0,0,0,0,,,18–20,The Five Boroughs,Male,A few times a week,A mix of both active and passive engagement,Headlines with brief summaries,Morning,Definitely yes,1
0,1,0,0,0,0,0,0,1,0,1,0,0,,0,0,0,1,0,0,0,0,0,1,0,0,1,0,0,0,0,0,1,0,1,1,1,1,1,1,0,,1,0,1,0,0,0,0,0,0,0,1,0,0,0,0,,1,0,0,1,0,0,0,0,0,0,1,,,21–23,Long Island,Male,Once a day,A mix of both active and passive engagement,Long-form articles,Morning,Probably not,0
1,1,0,0,1,0,0,0,0,0,0,0,0,,1,1,0,0,0,1,1,0,0,0,0,1,0,0,0,0,1,0,1,0,0,1,1,0,0,0,0,,0,1,0,0,0,0,0,0,0,0,0,0,0,0,0,,0,0,0,1,1,1,0,0,0,0,0,,,21–23,The Five Boroughs,Male,Once a day,I rarely or never follow the news,Podcasts/Radio,Early Morning,Definitely not,0
1,1,0,0,0,0,1,0,0,0,1,0,0,,1,0,0,0,0,1,0,0,0,0,0,1,1,0,0,0,1,1,1,1,1,1,1,1,1,1,0,,1,0,1,0,0,0,0,1,1,0,1,0,0,0,0,,1,0,1,0,0,0,0,0,1,0,0,,,18–20,Long Island,Male,A few times a week,A mix of both active and passive engagement,Headlines with brief summaries,Evening,Might or might not,0
1,1,1,0,1,0,1,1,0,0,0,0,0,,0,0,1,0,1,1,1,0,0,0,0,1,0,0,0,0,1,0,1,1,1,1,1,1,1,1,1,,0,1,0,0,0,1,0,0,0,0,0,0,0,0,0,,1,1,1,0,0,0,0,0,0,0,0,,,18–20,Long Island,Male,A few times a week,"I mostly come across news passively (social media, conversations, or notifications)","Short-form videos (TikTok, Instagram Reels, YouTube Shorts)",Morning,Probably yes,0
1,1,1,1,0,1,0,0,0,1,1,0,0,,1,1,0,1,1,0,1,0,1,0,0,0,1,0,0,0,1,0,1,0,1,1,1,1,1,1,0,,0,0,0,0,0,0,0,0,0,0,1,1,0,0,0,,1,0,0,0,1,0,0,0,0,1,0,,"Read St. John’s Newspaper, The Torch.",18–20,The Five Boroughs,Female,Multiple times a day,I actively seek out and read the news,"Short-form videos (TikTok, Instagram Reels, YouTube Shorts)",Evening,Might or might not,1
1,1,1,1,0,0,0,0,0,0,0,0,0,,1,1,1,1,0,1,0,1,1,1,0,1,1,0,0,0,1,1,1,1,1,1,1,1,1,1,0,,0,0,0,0,0,0,0,0,0,0,0,0,0,0,0,,1,1,1,1,0,1,1,1,1,1,0,,I would appreciate news that is as unbiased as possible ,18–20,The Five Boroughs,Male,Multiple times a day,"I mostly come across news passively (social media, conversations, or notifications)","Short-form videos (TikTok, Instagram Reels, YouTube Shorts)",Morning,Probably yes,0
1,1,0,0,1,0,0,1,1,0,1,0,0,,1,0,0,1,1,1,1,1,0,0,0,1,0,0,0,0,1,1,1,0,1,1,1,1,1,1,1,,1,0,0,0,0,0,0,0,0,0,1,0,0,0,0,,1,1,1,0,0,0,0,1,0,0,0,,,18–20,The Five Boroughs,Male,A few times a week,"I mostly come across news passively (social media, conversations, or notifications)","Short-form videos (TikTok, Instagram Reels, YouTube Shorts)",Afternoon,Probably yes,0
1,1,0,0,1,0,0,0,0,0,1,0,0,,1,0,0,1,1,1,0,1,0,0,0,0,0,1,0,0,1,1,0,0,0,1,1,1,1,1,0,,0,1,1,0,0,0,0,0,0,0,1,0,0,0,0,,0,1,0,0,0,0,1,0,0,1,0,,"Have simple titles, not too long of description ",18–20,Westchester,Female,A few times a week,"I mostly come across news passively (social media, conversations, or notifications)","Short-form videos (TikTok, Instagram Reels, YouTube Shorts)",Late Night,Definitely yes,0
1,1,0,0,0,0,0,1,0,0,1,0,0,,1,1,1,1,1,1,0,0,0,0,0,1,0,0,0,0,1,0,1,0,1,1,1,1,1,1,1,,0,0,1,0,0,1,0,0,0,0,1,0,0,0,0,,1,1,0,0,0,1,0,0,0,0,0,,,18–20,The Five Boroughs,Male,Multiple times a day,"I mostly come across news passively (social media, conversations, or notifications)","Short-form videos (TikTok, Instagram Reels, YouTube Shorts)",Afternoon,Probably yes,0
1,0,0,0,1,0,0,0,0,0,1,0,0,,0,1,1,1,0,0,0,0,0,0,0,1,0,0,1,1,0,1,0,0,1,1,1,1,1,1,0,,0,0,0,0,0,0,0,0,0,0,0,0,0,0,1,I don't see sports often and definitely not Baseball or Ice Hockey ,1,0,1,0,1,0,0,0,0,1,0,,"As long as Social media platforms exists i dont think young adults can be engaged with news sites but they can try by posting headlines on their social media page so that they can attract traffic from those social media platforms to their website if they want to get more info about the topic. Also these website can have a host or anchor like Jimmy Kimmel who uses the modern day jokes, memes, slangs reference’s to the news topics which might looks funny or interesting to the young adults.",24–26,New Jersey,Male,Once a day,A mix of both active and passive engagement,"Short-form videos (TikTok, Instagram Reels, YouTube Shorts)",Evening,Probably yes,1
1,0,0,0,0,0,0,0,0,0,0,0,0,,1,0,0,0,0,0,0,0,0,1,0,1,0,0,0,0,1,0,0,0,0,1,0,1,1,1,1,,1,0,0,0,0,0,0,0,0,0,0,0,0,0,0,,1,0,0,0,0,0,0,0,0,0,0,,,18–20,Long Island,Male,Multiple times a day,I actively seek out and read the news,"Short-form videos (TikTok, Instagram Reels, YouTube Shorts)",Early Morning,Definitely not,0
1,1,0,0,0,0,0,0,0,0,0,0,0,,1,0,0,0,0,0,0,0,0,0,0,1,1,0,0,0,1,0,0,0,0,1,1,0,1,1,1,,1,0,0,0,0,0,0,0,0,0,0,0,0,0,0,,1,1,0,1,0,0,0,0,0,0,0,,,18–20,Long Island,Male,Multiple times a day,"I mostly come across news passively (social media, conversations, or notifications)",Long-form articles,Afternoon,Probably yes,0
1,1,1,0,1,0,0,1,1,0,1,0,0,,0,0,0,1,0,1,0,0,0,0,0,0,1,0,0,0,1,0,0,0,1,1,1,1,1,1,0,,1,0,0,0,0,1,0,0,0,0,1,1,0,0,0,,1,1,0,0,0,0,0,0,1,0,0,,,18–20,Connecticut,Male,Once a day,"I mostly come across news passively (social media, conversations, or notifications)","Short-form videos (TikTok, Instagram Reels, YouTube Shorts)",Morning,Definitely yes,0
1,1,0,0,0,0,0,0,0,0,0,0,0,,1,1,1,0,1,0,1,0,0,0,0,1,1,1,0,0,1,0,0,1,1,1,1,1,1,1,0,,1,0,1,0,0,0,0,0,0,1,1,1,0,0,0,,0,0,0,0,0,1,0,0,0,0,0,,No,21–23,Long Island,Female,Once a day,"I mostly come across news passively (social media, conversations, or notifications)","Social feeds & stories (Instagram, Twitter/X)",Afternoon,Definitely yes,1
1,1,0,0,0,0,1,0,0,0,0,0,0,,1,0,0,1,1,0,1,1,0,0,0,1,0,0,0,0,1,1,1,0,1,1,1,1,1,1,1,,0,0,1,1,0,1,0,0,0,0,0,0,0,0,0,,1,0,0,0,0,1,0,0,1,0,0,,no,18–20,The Five Boroughs,Female,A few times a week,"I mostly come across news passively (social media, conversations, or notifications)","Social feeds & stories (Instagram, Twitter/X)",Afternoon,Probably yes,1
1,1,0,0,1,0,1,0,1,0,1,0,0,,1,0,1,0,1,1,0,1,0,0,0,0,1,1,0,0,1,0,1,1,0,1,1,1,1,1,0,,0,0,0,0,0,0,0,0,0,0,1,1,0,0,0,,0,0,1,0,0,1,0,0,0,1,0,,,21–23,Non Greater Metro,Female,Multiple times a day,A mix of both active and passive engagement,Headlines with brief summaries,Morning,Probably yes,0
1,1,1,0,0,0,0,1,0,0,0,0,0,,0,1,0,0,1,0,0,0,0,1,0,1,1,1,0,0,1,1,0,0,0,1,1,1,1,1,0,,1,1,0,0,0,1,0,0,0,0,0,0,0,0,0,,1,0,1,1,0,0,0,1,0,0,0,,,18–20,Long Island,Male,A few times a week,"I mostly come across news passively (social media, conversations, or notifications)","Social feeds & stories (Instagram, Twitter/X)",Afternoon,Probably yes,0
0,1,0,0,1,0,0,0,0,0,0,0,0,,0,1,0,0,0,0,0,0,0,0,0,0,1,0,0,0,1,0,0,0,0,1,1,1,1,1,1,,1,0,0,0,0,0,0,0,0,0,0,0,0,0,0,,0,0,0,0,0,1,1,0,0,0,0,,,18–20,Long Island,Female,A few times a week,"I mostly come across news passively (social media, conversations, or notifications)",Podcasts/Radio,Evening,Probably yes,0
1,1,0,0,0,0,0,0,0,0,0,0,0,,1,1,0,0,0,0,0,0,0,0,0,1,0,0,1,0,1,1,1,1,1,1,1,1,1,1,1,,1,0,1,0,0,1,0,0,0,0,1,0,0,0,0,,1,1,0,0,0,0,1,0,0,0,0,,,18–20,New Jersey,Female,Once a day,"I mostly come across news passively (social media, conversations, or notifications)","Short-form videos (TikTok, Instagram Reels, YouTube Shorts)",Evening,Might or might not,0
1,1,0,0,0,0,1,0,0,0,0,0,0,,0,1,1,1,0,1,0,0,0,0,0,0,0,1,0,0,1,0,1,0,1,1,1,1,1,1,1,,0,0,0,0,0,0,0,0,0,0,1,0,0,0,0,,0,0,1,0,0,1,0,0,1,0,0,,,18–20,Non Greater Metro,Male,A few times a week,"I mostly come across news passively (social media, conversations, or notifications)","Short-form videos (TikTok, Instagram Reels, YouTube Shorts)",Late Night,Definitely yes,1
1,1,0,0,0,0,1,0,0,0,0,0,0,,1,1,0,0,0,0,1,0,0,0,0,0,0,1,0,0,0,0,1,0,0,1,1,1,1,1,1,,1,0,0,0,0,0,0,0,0,0,0,0,0,0,0,,1,0,0,0,0,1,1,0,0,0,0,,,18–20,Non Greater Metro,Female,Multiple times a day,"I mostly come across news passively (social media, conversations, or notifications)","Social feeds & stories (Instagram, Twitter/X)",Evening,Probably yes,1
1,0,0,1,0,1,0,1,1,0,1,0,0,,0,1,0,1,0,1,1,1,0,1,0,1,0,1,0,0,0,0,0,1,1,1,1,1,1,1,0,,1,0,1,0,0,0,0,0,0,0,1,0,0,0,0,,0,0,0,0,0,1,0,0,0,0,0,,,,The Five Boroughs,Male,Multiple times a day,I actively seek out and read the news,Interactive visuals/infographics,Morning,Probably not,0
1,1,0,1,0,1,0,1,0,0,1,0,0,,0,1,1,1,1,0,1,1,0,0,0,1,0,0,0,0,0,1,0,0,0,1,1,1,1,1,1,,0,0,0,0,0,1,0,0,0,0,0,0,0,0,0,,1,1,1,1,1,1,1,1,1,1,0,,,24–26,The Five Boroughs,Female,A few times a week,"I mostly come across news passively (social media, conversations, or notifications)","Social feeds & stories (Instagram, Twitter/X)",Evening,Might or might not,0
1,1,1,0,1,0,0,1,1,0,0,0,0,,0,0,0,1,1,1,0,0,0,0,0,1,1,1,0,0,1,0,1,0,0,1,1,1,1,1,1,,0,0,1,0,0,0,0,0,0,0,1,0,0,0,0,,1,0,1,0,0,1,0,0,0,0,0,,,18–20,The Five Boroughs,Male,Multiple times a day,"I mostly come across news passively (social media, conversations, or notifications)","Social feeds & stories (Instagram, Twitter/X)",Evening,Definitely yes,0
1,1,0,0,0,0,0,0,0,0,0,0,0,,0,0,0,1,0,0,0,0,0,0,0,1,0,0,0,0,1,0,0,0,0,1,1,1,1,1,1,,0,0,0,0,0,0,1,0,0,0,0,0,0,0,0,,0,0,1,0,0,0,0,0,0,0,0,,,18–20,Non Greater Metro,Female,A few times a week,"I mostly come across news passively (social media, conversations, or notifications)",Podcasts/Radio,Early Morning,Probably not,0
1,1,0,0,1,0,0,1,1,0,0,0,0,,0,1,0,1,0,0,0,0,0,1,0,1,0,0,0,0,1,0,0,0,1,1,1,1,1,1,1,,0,0,1,0,0,0,0,0,0,0,0,0,0,0,0,,1,0,1,0,0,0,0,0,0,0,0,,No,18–20,The Five Boroughs,Male,Multiple times a day,"I mostly come across news passively (social media, conversations, or notifications)",Podcasts/Radio,Evening,Probably yes,0
1,1,1,1,1,0,0,1,1,1,1,0,0,,1,1,1,1,0,0,1,0,0,1,0,0,0,0,1,1,1,1,1,1,1,1,1,1,1,1,0,,1,1,1,1,0,0,0,0,0,0,1,0,0,0,0,,0,1,0,0,1,0,0,1,0,1,0,,More local news,,The Five Boroughs,Male,Multiple times a day,I actively seek out and read the news,Long-form articles,Late Night,Probably not,0
1,1,0,0,1,1,0,1,0,0,0,0,0,,0,1,1,0,0,0,1,0,0,0,0,0,0,1,1,0,0,1,0,0,0,1,1,1,1,0,0,,1,0,0,0,0,0,0,0,0,0,0,0,0,0,0,,0,0,0,1,0,0,1,1,0,0,0,,,18–20,The Five Boroughs,Female,Multiple times a day,"I mostly come across news passively (social media, conversations, or notifications)",Podcasts/Radio,Afternoon,Might or might not,0
1,1,1,1,1,0,0,0,1,1,1,1,0,,1,1,0,1,0,0,1,0,0,1,0,1,0,1,0,0,1,0,0,0,0,1,1,1,1,1,1,,1,1,0,0,0,0,0,1,0,1,0,1,0,1,0,,0,1,1,0,1,0,0,0,0,0,0,,Nope ,18–20,Long Island,Female,Once every six months,A mix of both active and passive engagement,"Social feeds & stories (Instagram, Twitter/X)",Evening,Probably not,0
0,0,0,0,0,0,1,0,0,0,0,0,0,,0,0,0,1,0,0,0,0,0,0,0,0,0,1,0,0,0,0,1,0,0,1,1,1,1,1,1,,0,1,0,0,0,0,0,0,0,0,0,0,0,0,0,,0,0,1,0,0,0,0,0,0,0,0,,No,18–20,The Five Boroughs,Male,A few times a week,I actively seek out and read the news,Headlines with brief summaries,Late Night,Definitely yes,0
1,1,0,0,0,0,0,1,0,0,1,0,0,,1,1,0,0,1,0,1,1,0,0,0,0,0,1,0,0,1,0,1,0,1,1,1,1,1,1,0,,0,0,0,0,0,0,0,0,0,0,1,1,0,0,0,,1,0,0,0,1,0,0,0,0,1,0,,,21–23,Connecticut,Female,Multiple times a day,"I mostly come across news passively (social media, conversations, or notifications)",Headlines with brief summaries,Late Night,Definitely yes,0
1,1,0,0,1,0,0,0,1,0,1,1,0,,0,0,0,1,0,0,0,0,0,0,1,1,0,0,0,0,1,1,0,0,0,1,1,1,1,1,1,,0,1,0,0,0,0,0,0,0,0,0,0,0,0,0,,0,0,0,0,0,0,0,0,0,1,0,,No,18–20,The Five Boroughs,Female,A few times a week,A mix of both active and passive engagement,"Short-form videos (TikTok, Instagram Reels, YouTube Shorts)",Morning,Might or might not,1
1,1,1,1,1,1,1,1,1,1,1,1,0,,1,1,1,1,1,1,1,1,1,1,0,0,0,0,1,0,1,1,1,1,1,1,1,1,1,1,1,,0,1,0,1,0,0,1,0,0,1,0,0,0,0,0,,0,1,1,0,0,0,0,0,0,0,0,,,18–20,The Five Boroughs,Female,Multiple times a day,I actively seek out and read the news,"Social feeds & stories (Instagram, Twitter/X)",Late Night,Probably yes,0
1,1,0,0,0,1,1,0,0,0,0,0,0,,0,1,0,1,1,1,0,0,0,0,0,1,0,1,0,0,1,1,0,1,1,1,1,1,1,1,1,,1,0,0,0,0,0,0,1,0,0,1,0,0,0,0,,1,1,0,0,0,1,1,1,1,0,0,,,21–23,Long Island,Female,A few times a week,"I mostly come across news passively (social media, conversations, or notifications)","Short-form videos (TikTok, Instagram Reels, YouTube Shorts)",Afternoon,Probably yes,0
1,1,0,0,1,0,0,0,0,1,0,0,0,,0,1,0,1,0,1,0,0,0,0,0,1,0,0,0,0,1,1,1,1,1,0,0,0,0,0,0,,1,0,1,0,0,0,0,0,0,0,1,0,0,0,0,,1,1,0,0,1,0,0,0,0,0,0,,,21–23,Westchester,Male,Multiple times a day,A mix of both active and passive engagement,Interactive visuals/infographics,Early Morning,Might or might not,0
1,0,1,0,0,0,0,1,0,0,1,0,0,,1,1,1,1,0,0,0,1,0,1,0,1,0,1,1,0,1,0,1,0,1,1,1,1,1,1,1,,1,0,0,0,0,0,1,0,1,0,0,0,0,0,0,,1,1,0,1,0,0,0,1,1,0,0,,Make it quicker and more wide topics,21–23,Long Island,Male,Once a day,"I mostly come across news passively (social media, conversations, or notifications)",Interactive visuals/infographics,Morning,Probably yes,1
1,1,1,0,0,0,0,0,0,0,1,0,0,,1,1,1,1,0,0,0,1,0,0,0,1,1,1,0,1,1,1,1,0,1,1,1,1,1,1,1,,0,0,0,0,0,0,0,0,0,0,0,0,0,0,1,None of the above,0,0,1,0,0,1,0,0,1,0,0,,To lack bias in writing,21–23,The Five Boroughs,Prefer not to say,A few times a week,"I mostly come across news passively (social media, conversations, or notifications)",Long-form articles,Afternoon,Probably yes,1
1,1,0,0,0,0,0,0,0,0,1,1,0,,1,1,0,1,0,1,0,0,0,0,0,1,0,0,0,0,1,0,0,0,1,1,1,1,1,1,1,,0,0,1,0,0,1,0,1,0,0,0,0,0,0,0,,1,1,0,0,0,1,0,0,0,0,0,,,18–20,Non Greater Metro,Male,Multiple times a day,I actively seek out and read the news,"Short-form videos (TikTok, Instagram Reels, YouTube Shorts)",Morning,Might or might not,0
1,1,1,0,0,0,0,0,1,0,1,0,0,,1,0,0,1,1,1,1,0,0,0,0,0,0,1,0,0,1,1,1,1,1,1,1,1,1,1,1,,1,0,1,0,0,1,0,0,1,0,1,0,0,0,0,,1,0,1,1,1,1,1,0,0,0,0,,,30.0,The Five Boroughs,Male,Multiple times a day,"I mostly come across news passively (social media, conversations, or notifications)",Podcasts/Radio,Afternoon,Probably not,0
1,0,0,0,0,0,0,0,0,0,1,0,0,,1,0,1,1,0,0,0,0,0,0,0,0,0,1,0,0,1,0,1,0,1,1,1,1,1,1,0,,0,0,0,0,0,0,0,0,1,0,0,0,0,0,0,,0,0,1,1,1,0,0,0,0,0,0,,,24–26,The Five Boroughs,Female,Multiple times a day,"I mostly come across news passively (social media, conversations, or notifications)","Short-form videos (TikTok, Instagram Reels, YouTube Shorts)",Morning,Definitely yes,0
0,0,0,0,1,0,0,1,0,0,0,1,1,My dad and mom talking about the news,1,1,0,1,0,0,1,1,0,1,0,1,1,1,0,0,1,0,1,0,0,1,1,1,1,1,1,,0,0,0,0,0,0,0,0,0,0,0,0,0,0,1,None I don't know any,0,0,1,0,0,0,0,1,0,1,0,,No,17.0,Long Island,Male,A few times a week,A mix of both active and passive engagement,Interactive visuals/infographics,Evening,Probably not,1
1,0,0,0,0,0,0,0,0,0,0,0,0,,0,0,1,0,0,0,0,0,0,0,0,0,0,1,0,0,0,0,0,1,0,1,1,1,1,1,1,,1,0,0,0,0,1,0,0,0,0,0,0,0,0,0,,0,0,0,0,0,0,0,0,1,1,0,,N,21–23,Long Island,Male,Once a day,I actively seek out and read the news,Headlines with brief summaries,Afternoon,Probably yes,0
1,1,0,0,1,0,0,0,1,0,1,0,0,,1,0,1,1,0,1,1,1,0,1,0,0,1,0,0,0,1,1,1,0,1,1,1,1,1,1,0,,0,0,0,0,1,0,0,0,0,0,1,1,1,1,0,,0,0,1,0,0,1,0,0,1,0,0,,,18–20,The Five Boroughs,Female,A few times a week,A mix of both active and passive engagement,Headlines with brief summaries,Evening,Definitely yes,0
1,0,1,0,1,0,0,0,0,0,1,1,0,,1,1,1,1,0,1,0,1,0,0,0,1,1,0,0,1,1,1,1,1,1,1,1,1,1,1,1,,1,0,1,0,0,1,0,0,0,1,1,0,0,0,0,,0,0,1,1,0,1,0,0,0,0,0,,,21–23,Non Greater Metro,Prefer not to say,Multiple times a day,A mix of both active and passive engagement,Headlines with brief summaries,Morning,Might or might not,0
1,0,0,0,1,0,0,0,0,0,0,0,0,,1,0,1,1,0,1,1,1,1,1,0,1,1,0,0,0,1,0,1,0,1,1,1,1,1,1,1,,1,1,1,1,0,1,1,1,0,0,0,0,0,0,0,,1,0,0,0,1,0,0,0,0,1,0,,,18–20,The Five Boroughs,Male,A few times a week,"I mostly come across news passively (social media, conversations, or notifications)",Long-form articles,Early Morning,Probably yes,0
0,0,0,0,0,0,0,0,0,1,1,0,0,,1,1,0,1,1,0,0,0,0,0,0,1,0,0,0,0,1,1,0,0,0,1,1,1,0,0,0,,1,0,1,0,0,1,0,0,0,0,0,0,0,0,0,,0,0,0,0,0,1,1,0,0,1,0,,,18–20,Long Island,Female,A few times a week,"I mostly come across news passively (social media, conversations, or notifications)",Headlines with brief summaries,Afternoon,Probably yes,1
1,0,0,1,1,0,0,1,0,1,1,0,0,,1,1,1,0,1,0,0,0,0,1,0,0,1,0,0,0,1,1,1,0,1,1,1,1,1,1,0,,0,1,0,0,0,0,0,1,0,0,1,0,0,0,0,,0,0,1,0,1,0,0,0,0,1,0,,Puzzle Games like NYT,18–20,The Five Boroughs,Male,Multiple times a day,"I mostly come across news passively (social media, conversations, or notifications)","Short-form videos (TikTok, Instagram Reels, YouTube Shorts)",Morning,Probably not,0
1,1,0,0,1,0,0,0,0,0,1,0,0,,1,1,1,0,0,0,0,0,0,0,0,0,1,0,0,0,1,1,1,0,1,1,1,1,1,1,1,,0,1,1,0,0,1,0,0,0,1,1,0,0,0,0,,1,0,0,0,0,1,1,0,0,0,0,,The NYT daily games are very successful. Including brain teasers in your apps could help engagement. Maybe a sort of system based off of how many articles you read the more hints you get during the games,18–20,The Five Boroughs,Male,Multiple times a day,A mix of both active and passive engagement,Interactive visuals/infographics,Afternoon,Probably not,1
1,0,0,0,0,0,0,0,0,0,0,0,0,,0,0,0,1,0,1,0,0,0,0,0,0,1,0,0,0,1,0,0,0,0,1,1,1,1,1,0,,1,0,0,0,0,1,0,0,0,0,1,0,0,0,0,,0,1,0,0,0,0,0,0,0,0,0,,,21–23,The Five Boroughs,Male,A few times a week,I rarely or never follow the news,Headlines with brief summaries,Afternoon,Probably yes,1
0,0,0,0,0,1,0,0,1,0,1,0,0,,0,0,1,1,0,1,0,0,0,0,0,0,1,0,0,0,1,1,1,0,1,1,1,1,1,1,1,,0,0,1,0,0,0,0,0,0,0,1,0,0,0,0,,1,1,0,0,1,0,0,0,0,0,0,,"As less ads as possible, we already see so many of them everywhere we go on social media ",21–23,The Five Boroughs,Female,Multiple times a day,I actively seek out and read the news,Headlines with brief summaries,Morning,Definitely yes,1
0,0,0,0,0,0,0,0,1,0,1,0,0,,0,0,0,1,0,0,0,0,0,1,0,1,0,1,0,0,1,0,0,0,0,1,1,0,0,0,0,,1,0,0,0,0,0,0,0,0,0,0,0,0,0,0,,0,1,1,0,1,0,0,0,0,1,0,,"Short form content , and actual analysis section.  A good inspiration would be a Substack ",21–23,The Five Boroughs,Male,Multiple times a day,I actively seek out and read the news,Headlines with brief summaries,Morning,Probably not,1
1,1,0,0,1,0,0,0,0,0,1,0,0,,1,1,1,1,0,0,0,1,0,1,0,1,0,1,0,0,1,0,1,1,1,1,1,0,0,1,0,,1,0,1,0,0,0,0,0,0,0,0,0,0,1,0,,1,0,1,0,0,0,0,1,0,0,0,,,18–20,Long Island,Male,Multiple times a day,I actively seek out and read the news,"Social feeds & stories (Instagram, Twitter/X)",Afternoon,Definitely yes,1
1,0,0,0,0,0,0,0,0,0,1,0,0,,1,1,1,1,0,0,0,0,0,0,0,0,0,1,0,0,1,0,0,0,1,1,1,1,1,1,1,,0,0,0,0,0,0,0,0,0,0,1,1,0,0,0,,1,0,1,0,1,0,0,0,0,0,0,,,21–23,The Five Boroughs,Female,Multiple times a day,A mix of both active and passive engagement,Headlines with brief summaries,Morning,Probably yes,0
0,0,0,0,0,0,0,0,0,0,0,0,1,Outlook feeds me the newspaper stories i do read,0,0,0,1,0,0,0,0,0,1,0,0,1,0,0,0,1,0,1,0,1,1,1,1,1,1,1,Morning Brew,1,0,1,0,0,1,0,0,0,1,1,0,0,0,0,,1,0,0,0,0,0,1,0,0,0,0,,"I think Morning Brew does a great job and currently dominates this age range. I would love a Morning Brew for the university. I don’t want long stories but just the highlights of the week, or things you can do on campus coming up.",21–23,The Five Boroughs,Male,Once a day,"I mostly come across news passively (social media, conversations, or notifications)",Headlines with brief summaries,Morning,Might or might not,1
0,0,0,0,1,0,0,0,0,0,1,0,0,,1,1,1,1,0,0,0,0,0,1,0,0,1,1,1,0,1,1,0,0,1,1,1,1,1,1,0,,1,0,0,0,0,0,0,0,0,0,0,0,0,0,0,,1,0,1,1,0,0,0,0,0,0,0,,,18–20,The Five Boroughs,Male,Multiple times a day,I actively seek out and read the news,Long-form articles,Morning,Might or might not,0
1,1,0,0,0,0,0,0,0,0,1,0,0,,0,1,1,0,1,0,0,0,0,0,0,1,0,1,0,0,1,0,1,1,1,1,1,1,1,1,0,,1,1,1,1,0,0,0,0,0,0,0,0,0,0,0,,0,0,1,0,0,0,0,0,0,0,0,,"Quick and to the point information, especially if it’s current trending, images that feature the event (unfortunately gruesome images attract viewers) ",18–20,Long Island,Female,Multiple times a day,A mix of both active and passive engagement,"Short-form videos (TikTok, Instagram Reels, YouTube Shorts)",Evening,Probably yes,0
1,1,0,0,0,0,0,1,0,0,0,0,0,,1,0,0,0,1,0,1,1,0,0,0,1,1,1,0,0,1,0,0,0,0,1,1,1,1,1,0,,0,1,0,0,0,0,0,0,0,0,1,0,0,0,0,,1,0,1,0,0,0,0,0,0,0,0,,"The aesthetics/look of a news site/app really matter to me, it helps grab my attention.",21–23,The Five Boroughs,Female,Once a day,"I mostly come across news passively (social media, conversations, or notifications)","Short-form videos (TikTok, Instagram Reels, YouTube Shorts)",Afternoon,Probably yes,0
1,0,0,0,0,1,0,0,0,0,1,1,0,,0,0,1,1,0,1,0,0,0,0,0,1,0,0,0,1,1,0,1,0,1,1,1,1,0,1,1,,1,0,0,0,1,1,0,0,0,0,1,0,0,0,0,,1,0,1,0,0,1,0,1,0,1,0,,,24–26,Non Greater Metro,Female,A few times a week,"I mostly come across news passively (social media, conversations, or notifications)",Headlines with brief summaries,Early Morning,Definitely yes,0
1,0,0,0,0,0,0,0,0,0,0,0,0,,1,0,0,1,0,0,0,0,0,0,0,0,0,1,0,0,1,1,1,0,1,1,1,1,1,1,1,,1,0,1,0,0,0,0,0,0,0,0,0,0,0,0,,0,1,0,1,1,0,0,0,0,0,0,,Make it about things that affect us so we are more intrested ,18–20,The Five Boroughs,Male,Once a month,"I mostly come across news passively (social media, conversations, or notifications)","Social feeds & stories (Instagram, Twitter/X)",Evening,Probably not,0
0,1,1,0,0,0,0,1,0,0,0,0,0,,1,1,1,0,0,0,1,0,0,0,0,0,0,1,0,0,1,1,1,1,1,1,1,1,1,1,1,,1,0,1,0,0,1,0,0,1,0,1,1,0,0,0,,0,0,1,0,1,0,0,0,0,1,0,,,24–26,Long Island,Female,Multiple times a day,"I mostly come across news passively (social media, conversations, or notifications)","Short-form videos (TikTok, Instagram Reels, YouTube Shorts)",Morning,Probably yes,1
1,1,0,0,0,0,0,0,0,0,0,0,0,,1,0,1,0,1,1,1,1,0,0,0,1,0,0,0,0,1,0,1,0,1,1,1,1,1,1,0,,0,1,0,0,0,0,0,0,0,1,0,0,0,0,0,,1,0,1,0,1,0,0,0,0,1,0,,,21–23,The Five Boroughs,Female,A few times a week,"I mostly come across news passively (social media, conversations, or notifications)","Short-form videos (TikTok, Instagram Reels, YouTube Shorts)",Evening,Definitely yes,0
0,0,0,0,0,0,0,0,0,0,1,0,0,,0,0,0,0,0,1,0,0,0,0,0,0,0,1,0,0,1,0,1,0,1,1,1,1,1,1,0,,0,0,0,0,0,0,0,0,0,0,1,1,0,0,0,,1,1,0,0,1,1,1,0,0,0,0,,,32.0,The Five Boroughs,Male,Multiple times a day,A mix of both active and passive engagement,Headlines with brief summaries,Evening,Probably yes,1
1,1,0,0,1,0,0,0,0,0,0,1,0,,1,0,0,1,1,1,1,1,0,1,0,0,0,0,0,0,0,0,0,0,0,0,0,0,0,0,0,,0,0,0,0,0,0,0,0,0,0,0,0,0,0,0,,0,0,0,0,0,0,0,0,0,0,0,,,16.0,Long Island,Male,Multiple times a day,"I mostly come across news passively (social media, conversations, or notifications)",Interactive visuals/infographics,Afternoon,,0
1,1,0,0,0,0,0,0,1,0,1,0,0,,1,1,1,1,0,1,0,1,0,1,0,1,1,0,0,0,1,1,1,1,1,1,1,1,1,1,0,,1,0,1,0,0,1,0,0,1,0,1,0,0,0,0,,1,0,1,0,0,0,1,0,0,0,0,,,21–23,Long Island,Male,Once a day,A mix of both active and passive engagement,Headlines with brief summaries,Early Morning,Probably yes,0
1,0,0,0,0,1,0,1,1,1,1,0,0,,1,1,1,0,0,1,1,1,0,0,0,0,0,1,0,0,1,1,1,1,1,1,1,1,1,1,1,CNN,0,0,0,0,0,0,0,0,0,0,1,1,0,0,0,,0,1,1,0,0,0,0,0,0,0,1,,Be unbiased and don’t mislead,21–23,Non Greater Metro,Female,Once a day,A mix of both active and passive engagement,Long-form articles,Evening,Definitely yes,0
1,1,1,0,0,0,1,1,0,0,0,0,0,,0,1,1,0,1,1,0,1,1,1,0,1,0,1,0,0,1,0,1,1,1,1,1,1,1,1,0,,1,0,1,0,0,1,0,0,1,0,1,0,0,0,0,,0,1,1,0,1,0,0,0,0,0,0,,,18–20,Long Island,Male,A few times a week,"I mostly come across news passively (social media, conversations, or notifications)","Short-form videos (TikTok, Instagram Reels, YouTube Shorts)",Evening,Probably yes,0
1,1,1,0,0,0,1,0,0,0,0,0,0,,0,0,0,0,0,1,0,0,0,0,0,1,1,0,0,0,1,0,1,0,0,1,1,1,1,1,1,,0,1,1,0,0,0,1,0,0,1,1,0,0,0,0,,1,0,0,1,1,0,0,0,0,0,0,,,18–20,Non Greater Metro,Male,A few times a week,"I mostly come across news passively (social media, conversations, or notifications)","Social feeds & stories (Instagram, Twitter/X)",Afternoon,Might or might not,1
0,0,1,1,0,0,0,0,0,0,1,0,0,,1,1,0,0,0,1,0,0,0,0,0,0,1,0,0,0,1,0,1,0,1,1,1,1,1,1,1,,0,1,0,0,0,0,1,0,0,0,1,0,0,0,0,,1,0,0,0,1,1,0,0,1,1,0,,,21–23,The Five Boroughs,Male,Multiple times a day,I actively seek out and read the news,"Social feeds & stories (Instagram, Twitter/X)",Early Morning,Definitely not,0
1,1,0,0,0,0,0,0,0,0,0,1,0,,1,0,0,0,1,0,1,1,0,0,0,1,0,0,0,0,1,0,0,0,0,1,1,1,1,1,0,,1,0,1,0,0,0,0,0,0,0,0,0,0,0,0,,0,1,0,1,0,0,0,0,0,0,0,,,18–20,Long Island,Female,A few times a week,"I mostly come across news passively (social media, conversations, or notifications)","Short-form videos (TikTok, Instagram Reels, YouTube Shorts)",Morning,Probably yes,0
1,1,0,0,1,0,0,0,0,0,0,0,0,,1,0,1,1,0,1,0,0,0,0,0,1,0,0,0,0,1,1,1,0,1,1,1,1,1,1,1,,1,0,0,0,0,0,0,0,0,0,0,0,0,0,0,,1,0,1,1,0,0,0,0,0,0,0,,,18–20,New Jersey,Female,A few times a week,"I mostly come across news passively (social media, conversations, or notifications)","Social feeds & stories (Instagram, Twitter/X)",Evening,Probably yes,0
1,0,0,1,1,0,0,0,0,0,0,0,0,,1,1,1,0,0,0,0,0,0,0,0,1,0,0,0,0,1,1,0,0,0,1,1,1,1,1,1,,1,0,0,0,0,0,0,0,0,0,1,0,0,0,0,,1,0,0,1,0,0,0,0,0,0,0,,,18–20,The Five Boroughs,Female,Multiple times a day,I actively seek out and read the news,Long-form articles,Morning,Probably yes,0
1,1,1,0,0,0,0,1,1,0,1,0,0,,1,1,0,0,0,1,0,0,0,0,0,1,0,0,0,0,1,0,1,1,1,1,1,1,1,1,0,,1,0,1,0,0,0,1,0,0,0,1,0,0,0,0,,1,1,0,0,1,1,0,1,0,0,0,,,18–20,Long Island,Male,A few times a week,A mix of both active and passive engagement,Podcasts/Radio,Afternoon,Might or might not,0
1,1,0,0,0,0,0,0,0,0,0,0,0,,1,1,0,0,1,1,1,1,0,0,0,1,0,0,0,0,1,1,0,0,0,1,1,1,1,1,1,,0,0,1,0,0,0,0,0,0,0,0,0,0,0,0,,1,1,1,0,0,0,0,0,0,0,0,,no,18–20,Non Greater Metro,Female,A few times a week,"I mostly come across news passively (social media, conversations, or notifications)","Short-form videos (TikTok, Instagram Reels, YouTube Shorts)",Late Night,Probably yes,0
1,1,0,0,0,0,0,0,0,0,0,0,0,,0,1,0,0,0,0,0,0,0,0,0,1,0,0,0,0,1,0,0,0,0,1,0,0,0,0,0,,0,0,0,0,0,0,0,0,0,0,0,1,0,0,0,,0,0,0,0,0,1,0,0,0,0,0,,,18–20,Non Greater Metro,Female,Never,I rarely or never follow the news,"Social feeds & stories (Instagram, Twitter/X)",Early Morning,Probably not,0
0,0,0,1,0,0,0,0,0,0,0,0,0,,0,0,1,0,0,0,0,0,0,0,0,0,0,1,0,0,0,0,0,1,0,1,0,0,0,0,0,,0,0,0,0,0,1,0,0,0,0,0,0,0,0,0,,0,0,0,0,0,1,0,0,0,0,0,,,18–20,Long Island,Female,Once a month,A mix of both active and passive engagement,Headlines with brief summaries,Evening,Probably not,1
1,1,0,0,0,0,0,0,0,0,0,0,0,,1,1,1,1,1,1,1,1,1,1,0,1,0,0,0,0,1,0,0,0,0,1,1,1,1,1,1,,0,1,0,0,0,0,0,0,0,0,0,0,0,0,1,,0,0,0,0,0,1,0,1,1,1,0,,,18–20,Long Island,Female,A few times a week,,"Short-form videos (TikTok, Instagram Reels, YouTube Shorts)",Late Night,Probably yes,0
1,1,0,0,0,0,0,0,0,0,0,0,0,,1,0,0,0,0,0,0,0,0,0,0,1,0,0,0,0,1,0,0,1,0,1,1,1,1,1,1,,0,1,0,0,0,1,0,0,1,0,1,0,0,0,0,,0,1,0,0,0,1,1,0,0,0,0,,,18–20,Long Island,Female,Once a day,"I mostly come across news passively (social media, conversations, or notifications)","Social feeds & stories (Instagram, Twitter/X)",Afternoon,Probably yes,0
0,0,1,0,1,0,0,0,1,0,1,0,0,,1,1,0,1,0,0,1,1,0,1,0,1,1,1,1,0,1,1,1,1,1,1,1,1,1,1,1,,1,1,1,1,0,0,0,0,0,0,1,0,0,0,0,,0,0,0,0,0,1,0,1,0,1,0,,,18–20,The Five Boroughs,Male,A few times a week,"I mostly come across news passively (social media, conversations, or notifications)","Short-form videos (TikTok, Instagram Reels, YouTube Shorts)",Morning,Definitely not,0
0,1,0,0,1,0,0,0,1,0,1,1,0,,1,1,1,1,0,0,0,1,0,1,0,0,0,1,0,1,1,1,1,0,1,1,1,1,1,1,1,,0,0,0,0,0,0,0,0,1,0,0,0,0,0,0,,1,0,1,1,0,1,0,1,0,0,0,,,17.0,Long Island,Female,Multiple times a day,"I mostly come across news passively (social media, conversations, or notifications)","Short-form videos (TikTok, Instagram Reels, YouTube Shorts)",Morning,Probably yes,0
0,0,1,1,0,0,0,1,0,0,1,0,0,,0,1,1,0,0,1,0,0,0,0,0,0,1,1,0,0,1,1,1,1,1,1,1,1,1,1,0,,0,1,1,0,0,1,0,0,0,1,1,0,0,0,0,,0,1,0,0,0,0,0,0,0,0,0,,"Lessen the ads, remove any paywalls, make the news article short and to the point. Address whatever the headline is and don’t post misleading information.",18–20,The Five Boroughs,Male,Multiple times a day,A mix of both active and passive engagement,Headlines with brief summaries,Afternoon,Probably yes,0
1,1,0,0,0,0,0,0,0,0,0,1,0,,1,1,0,1,0,1,0,0,0,0,0,1,0,0,0,0,1,1,1,1,1,1,1,1,1,1,1,,1,0,0,0,0,1,0,0,0,0,1,0,1,0,0,,1,0,0,0,0,0,0,0,0,0,0,,"Bite sized, and maybe have images shown while there’s a person spreading the news",18–20,Long Island,Male,A few times a week,"I mostly come across news passively (social media, conversations, or notifications)","Social feeds & stories (Instagram, Twitter/X)",Afternoon,Probably yes,0
1,1,0,0,0,0,0,0,0,1,1,1,0,,1,1,0,0,0,1,1,0,0,0,0,1,1,1,0,1,1,0,1,0,1,1,1,1,1,1,1,,0,0,0,1,0,0,0,0,0,0,1,0,0,0,1,Brooklyn Nets,0,0,1,0,1,1,0,0,0,0,0,,,18–20,Connecticut,Male,Once a month,"I mostly come across news passively (social media, conversations, or notifications)","Short-form videos (TikTok, Instagram Reels, YouTube Shorts)",Afternoon,Probably yes,0
1,1,0,0,1,0,0,1,0,0,1,1,0,,1,0,0,1,0,0,1,1,0,0,0,0,0,0,1,0,1,0,1,0,0,1,1,1,1,1,1,,1,1,0,0,0,0,0,0,0,0,1,1,0,0,0,,0,0,0,0,0,1,1,1,0,0,0,,if they were pushed more and like advertised more to people but more important articles ,18–20,Long Island,Female,A few times a week,I rarely or never follow the news,Headlines with brief summaries,Early Morning,Probably yes,0
1,1,1,1,1,0,0,0,1,0,1,1,0,,0,0,1,0,0,1,1,1,0,1,0,1,0,0,0,0,1,1,1,1,1,1,1,1,1,1,1,,0,0,0,0,0,0,0,0,0,0,1,1,0,0,0,,0,1,1,0,0,1,1,1,0,1,0,,,18–20,Long Island,Female,A few times a week,"I mostly come across news passively (social media, conversations, or notifications)","Short-form videos (TikTok, Instagram Reels, YouTube Shorts)",Afternoon,Might or might not,0
1,1,0,0,0,0,0,1,0,1,0,0,0,,0,1,0,0,0,0,0,0,0,0,0,1,0,1,0,0,1,0,0,0,0,0,0,0,0,0,0,,0,0,1,0,0,1,0,0,0,1,1,0,0,0,0,,0,0,0,0,0,0,0,0,0,0,1,,,18–20,Long Island,Female,Never,I rarely or never follow the news,Podcasts/Radio,Afternoon,Might or might not,0
1,1,1,0,1,1,1,0,1,0,0,0,0,,1,0,1,1,1,1,0,1,0,0,0,1,1,0,0,0,1,1,1,1,1,1,1,1,1,1,0,,0,0,1,0,0,1,0,0,0,0,1,0,1,0,0,,0,0,1,0,0,0,0,0,0,0,0,,Short and simple terms pop culture related,18–20,Long Island,Male,Once a day,"I mostly come across news passively (social media, conversations, or notifications)","Short-form videos (TikTok, Instagram Reels, YouTube Shorts)",Afternoon,Probably yes,0
1,0,0,0,1,0,0,1,1,0,1,0,0,,0,0,1,1,0,1,0,0,0,1,0,0,1,1,0,0,1,0,1,0,1,1,1,1,1,1,0,,0,0,0,0,0,0,0,0,0,0,1,0,0,0,0,,0,0,0,0,1,1,0,1,1,1,0,,,24–26,The Five Boroughs,Male,Once a day,A mix of both active and passive engagement,"Short-form videos (TikTok, Instagram Reels, YouTube Shorts)",Afternoon,Probably yes,0
1,1,0,0,0,0,0,0,0,0,1,1,0,,1,0,0,0,1,1,1,0,0,0,0,1,0,0,0,0,1,1,1,1,1,0,0,0,0,0,0,,1,0,1,0,0,1,1,1,0,0,1,1,0,0,0,,0,0,0,0,0,0,0,0,0,0,1,,Social Media,18–20,Non Greater Metro,Female,Multiple times a day,"I mostly come across news passively (social media, conversations, or notifications)","Short-form videos (TikTok, Instagram Reels, YouTube Shorts)",Morning,Definitely yes,0
0,0,0,0,0,0,0,0,1,0,0,0,0,,1,0,0,0,1,1,0,1,0,1,0,0,0,0,0,1,1,1,1,0,0,1,1,1,1,1,1,,1,0,0,0,1,0,0,1,0,0,1,0,0,0,0,,0,0,0,0,1,0,0,0,0,0,0,,none.,24–26,The Five Boroughs,Male,Never,"I mostly come across news passively (social media, conversations, or notifications)",Podcasts/Radio,Afternoon,Probably not,0
1,1,0,0,0,0,0,1,0,0,0,0,0,,1,0,0,0,0,1,1,1,0,0,0,0,0,0,1,0,1,1,1,0,1,1,1,1,1,1,0,,0,1,1,0,0,0,1,0,0,0,0,0,0,0,0,,1,0,1,0,0,1,0,0,0,0,0,,,18–20,The Five Boroughs,Female,Never,"I mostly come across news passively (social media, conversations, or notifications)","Short-form videos (TikTok, Instagram Reels, YouTube Shorts)",Morning,Probably yes,0
1,1,1,0,1,0,1,1,1,0,1,0,0,,0,0,1,0,1,1,1,0,0,0,0,0,1,1,0,0,1,0,0,0,0,1,1,1,1,1,1,,0,0,0,0,0,0,0,0,0,0,0,0,0,0,1,,0,0,0,0,0,0,0,0,0,0,1,,18,18–20,Non Greater Metro,Female,A few times a week,"I mostly come across news passively (social media, conversations, or notifications)","Short-form videos (TikTok, Instagram Reels, YouTube Shorts)",Afternoon,Definitely yes,1
1,1,1,0,0,0,0,1,0,0,0,0,0,,1,1,0,0,1,1,0,0,0,0,1,1,0,0,0,0,1,0,0,1,0,1,1,1,1,1,1,,1,0,0,0,0,0,0,0,0,0,0,0,0,0,0,,0,0,1,0,0,0,0,0,0,0,0,,Social media ,18–20,Long Island,Female,A few times a week,"I mostly come across news passively (social media, conversations, or notifications)","Short-form videos (TikTok, Instagram Reels, YouTube Shorts)",Afternoon,Probably yes,0
1,0,0,0,0,0,0,0,0,0,0,0,0,,1,0,0,0,0,1,0,0,0,0,0,0,0,0,1,0,1,0,1,0,1,1,1,1,1,1,1,,0,1,0,0,0,0,0,0,0,0,1,0,0,0,0,,1,0,0,0,0,0,1,0,0,1,0,,,21–23,The Five Boroughs,Male,Once a day,A mix of both active and passive engagement,"Social feeds & stories (Instagram, Twitter/X)",Evening,Probably not,0
1,1,0,0,0,0,0,0,0,0,1,1,0,,1,0,0,0,0,0,1,1,0,1,0,1,0,0,0,0,1,0,0,0,0,1,1,1,1,1,1,,0,0,1,0,0,0,0,0,0,0,1,0,0,0,0,,1,0,0,1,0,0,1,0,0,0,0,,Short quick content ,18–20,Long Island,Female,Once a day,A mix of both active and passive engagement,"Short-form videos (TikTok, Instagram Reels, YouTube Shorts)",Evening,Might or might not,0
1,0,1,1,1,0,0,0,0,0,0,0,0,,1,1,0,1,0,0,0,0,0,1,0,1,1,0,0,0,0,0,0,1,1,1,1,1,1,1,1,,0,1,1,0,0,0,0,0,0,0,1,0,0,0,0,,1,0,0,0,0,1,0,0,1,0,0,,,21–23,Long Island,Male,Once a day,A mix of both active and passive engagement,Podcasts/Radio,Evening,Probably yes,0
0,0,0,1,0,0,0,0,0,0,0,0,0,,0,0,0,0,0,0,0,0,0,0,1,0,1,0,1,0,0,0,1,0,0,1,1,0,0,0,0,,0,0,0,1,0,0,0,0,0,0,0,0,0,0,0,,0,0,0,1,0,0,0,0,1,0,0,,,21–23,Connecticut,Non-binary,A few times a week,"I mostly come across news passively (social media, conversations, or notifications)",Headlines with brief summaries,Afternoon,Might or might not,0
1,1,0,1,1,0,0,0,0,0,1,0,0,,1,1,1,0,0,0,0,1,0,0,0,1,1,0,0,0,1,1,1,0,1,1,1,1,1,1,0,,1,0,0,0,0,1,0,0,0,0,0,1,0,0,0,,1,0,1,1,0,1,0,1,1,1,0,,,18–20,Non Greater Metro,Female,Multiple times a day,"I mostly come across news passively (social media, conversations, or notifications)","Social feeds & stories (Instagram, Twitter/X)",Afternoon,Might or might not,0
0,0,0,1,0,0,0,0,1,0,0,0,0,,0,1,0,0,0,0,0,0,0,0,0,0,0,0,1,0,1,0,0,0,0,0,0,0,0,0,0,,1,0,0,0,0,0,0,0,0,0,0,0,0,0,0,,0,0,0,0,0,1,0,0,0,0,0,,,,,,Multiple times a day,I actively seek out and read the news,Podcasts/Radio,Afternoon,Definitely not,0
1,1,0,0,0,0,0,1,0,0,0,0,0,,0,0,0,0,0,1,0,1,0,0,0,1,0,0,0,0,1,0,0,1,0,1,1,1,1,1,1,,1,0,1,0,0,1,0,1,1,0,1,1,1,0,0,,0,0,0,0,0,0,0,0,0,0,1,,N/a,21–23,Long Island,Female,Once a month,I rarely or never follow the news,"Short-form videos (TikTok, Instagram Reels, YouTube Shorts)",Evening,Might or might not,0
0,1,1,0,0,0,0,1,0,0,1,0,0,,1,1,1,0,1,0,1,0,0,0,0,1,0,1,0,0,1,1,1,0,1,1,1,1,1,1,1,,1,0,0,0,0,0,0,1,0,0,0,0,0,0,0,,0,0,1,0,0,0,0,0,0,0,0,,,18–20,The Five Boroughs,Female,Multiple times a day,A mix of both active and passive engagement,Headlines with brief summaries,Evening,Probably yes,0
1,1,0,0,0,0,0,0,0,0,1,0,0,,1,1,0,0,1,1,1,1,0,0,0,1,0,1,1,0,1,1,1,0,1,1,1,1,1,1,0,,0,1,1,0,0,0,0,0,0,1,1,1,0,0,0,,1,0,1,0,1,0,0,0,0,0,0,,,21–23,The Five Boroughs,Male,Once a day,"I mostly come across news passively (social media, conversations, or notifications)","Short-form videos (TikTok, Instagram Reels, YouTube Shorts)",Early Morning,Definitely yes,0
1,1,1,0,0,0,0,1,0,0,0,0,0,,1,1,0,0,1,0,0,0,0,0,0,1,0,0,0,0,1,1,1,0,0,1,1,1,1,1,1,,1,0,1,0,0,0,0,0,0,0,1,1,0,0,0,,1,0,0,1,1,0,0,0,0,0,0,,,21–23,Westchester,Female,A few times a week,A mix of both active and passive engagement,"Short-form videos (TikTok, Instagram Reels, YouTube Shorts)",Evening,Might or might not,0
1,0,0,0,1,0,0,1,0,0,1,0,0,,1,1,1,0,1,0,0,0,0,1,0,0,1,0,0,0,1,0,0,0,0,1,1,1,1,1,0,,0,0,0,0,0,0,0,0,0,0,0,0,0,0,0,,0,0,1,0,0,0,0,0,0,0,0,,,21–23,Long Island,Female,Once a day,A mix of both active and passive engagement,Headlines with brief summaries,Evening,Might or might not,0
0,1,0,0,1,0,0,1,1,0,1,0,0,,1,1,1,0,1,0,0,0,0,0,0,0,0,1,0,0,1,1,1,0,1,1,1,1,1,1,1,,0,0,1,0,1,0,0,0,0,0,1,1,0,0,0,,0,0,1,1,1,0,0,0,0,0,0,,,18–20,The Five Boroughs,Female,Multiple times a day,A mix of both active and passive engagement,"Short-form videos (TikTok, Instagram Reels, YouTube Shorts)",Afternoon,Probably yes,0
1,1,0,0,0,1,0,1,0,0,0,0,0,,0,1,1,0,0,0,0,0,0,0,0,0,0,1,0,0,1,0,0,1,0,1,1,1,1,1,0,,0,0,1,0,0,0,0,0,0,0,1,0,0,0,0,,1,0,1,0,0,0,0,0,0,0,0,,,21–23,The Five Boroughs,Female,A few times a week,A mix of both active and passive engagement,"Short-form videos (TikTok, Instagram Reels, YouTube Shorts)",Afternoon,Might or might not,0
1,1,1,1,1,0,1,0,0,0,0,0,0,,1,1,0,1,1,1,1,1,0,0,0,1,0,0,0,0,1,1,1,0,1,1,1,1,1,0,0,,1,1,1,1,0,1,0,1,0,0,1,0,0,0,0,,1,1,1,0,1,0,0,0,1,0,0,,no,18–20,The Five Boroughs,Male,Once a day,"I mostly come across news passively (social media, conversations, or notifications)","Short-form videos (TikTok, Instagram Reels, YouTube Shorts)",Afternoon,Probably yes,0
1,1,0,0,1,0,0,0,0,0,0,0,0,,0,0,0,0,0,0,1,0,0,1,0,0,1,0,1,0,0,1,1,0,0,1,1,1,1,1,1,,0,1,0,0,0,0,0,1,0,0,0,0,0,0,0,,0,0,0,1,1,0,0,0,1,0,0,,,18–20,Non Greater Metro,Female,A few times a week,I rarely or never follow the news,"Short-form videos (TikTok, Instagram Reels, YouTube Shorts)",Afternoon,Probably not,0
1,1,1,0,1,0,0,0,1,0,1,1,0,,0,1,1,0,0,1,0,0,0,0,0,1,1,1,0,1,1,1,1,0,1,1,1,1,1,1,0,,0,0,0,0,0,0,0,0,0,0,0,0,0,0,0,,0,0,1,1,0,0,0,0,1,0,0,,,18–20,The Five Boroughs,Male,Multiple times a day,"I mostly come across news passively (social media, conversations, or notifications)","Social feeds & stories (Instagram, Twitter/X)",Morning,Definitely yes,1
1,1,0,0,1,0,1,1,0,1,0,1,0,,1,1,1,0,0,0,0,1,0,0,0,0,1,0,0,1,1,1,1,1,1,1,1,1,1,1,1,,1,1,1,0,0,1,1,1,1,1,1,1,0,0,0,,1,0,0,0,1,1,0,0,0,1,0,,Most people probably prefer more affordable “snackable” articles.,18–20,Long Island,Male,A few times a week,"I mostly come across news passively (social media, conversations, or notifications)",Podcasts/Radio,Afternoon,Might or might not,1
1,1,0,0,0,0,0,0,0,0,0,0,0,,0,0,1,0,1,0,0,1,0,0,0,1,1,1,0,0,1,0,1,1,1,1,1,1,1,1,1,,0,1,1,0,1,0,1,0,1,0,1,1,0,1,0,,0,0,1,0,1,0,0,0,0,1,0,,,18–20,Long Island,Female,A few times a week,"I mostly come across news passively (social media, conversations, or notifications)","Short-form videos (TikTok, Instagram Reels, YouTube Shorts)",Afternoon,Probably yes,0
1,1,0,0,1,0,0,0,1,0,1,1,0,,1,1,1,1,0,0,1,0,0,1,0,1,0,0,0,0,1,1,0,0,0,1,1,1,1,1,1,,1,0,0,0,1,0,0,0,0,0,1,1,0,0,0,,1,0,0,0,0,0,0,0,1,0,0,,,18–20,The Five Boroughs,Female,Multiple times a day,I actively seek out and read the news,"Short-form videos (TikTok, Instagram Reels, YouTube Shorts)",Early Morning,Might or might not,0
1,1,0,0,1,0,0,1,0,0,1,0,0,,1,1,0,0,0,1,0,0,0,0,0,0,0,1,0,0,1,0,0,0,1,1,1,1,1,1,0,,0,1,0,0,0,0,0,0,0,0,1,1,0,0,0,,0,1,0,0,1,0,0,0,0,1,0,,,18–20,Long Island,Male,Multiple times a day,"I mostly come across news passively (social media, conversations, or notifications)","Short-form videos (TikTok, Instagram Reels, YouTube Shorts)",Evening,Might or might not,0
0,0,1,0,1,0,0,0,1,0,1,1,0,,1,1,0,0,1,1,0,0,0,0,0,1,0,0,1,0,0,0,0,1,0,1,1,1,1,1,1,,0,0,1,0,0,0,0,0,0,0,1,1,0,0,0,,0,0,1,1,0,0,0,0,0,0,0,,,21–23,Long Island,Male,Multiple times a day,I actively seek out and read the news,Podcasts/Radio,Evening,Might or might not,0
1,1,0,0,0,0,0,0,0,1,1,0,0,,1,1,1,0,1,0,0,0,0,0,0,1,0,0,0,0,1,1,0,1,1,1,1,1,1,1,0,,0,0,0,0,0,0,0,0,0,0,0,0,0,0,1,,0,0,0,0,0,0,0,0,0,0,1,,,18–20,The Five Boroughs,Female,A few times a week,"I mostly come across news passively (social media, conversations, or notifications)","Social feeds & stories (Instagram, Twitter/X)",Morning,Might or might not,0
1,0,0,0,0,0,0,0,0,0,1,0,0,,1,1,0,1,0,0,0,1,0,0,0,0,1,1,0,0,1,0,0,0,1,1,1,1,1,1,0,,0,0,0,0,0,0,0,0,0,0,1,1,0,0,0,,1,0,0,1,0,0,0,0,0,0,0,,,18–20,Non Greater Metro,Female,A few times a week,A mix of both active and passive engagement,Headlines with brief summaries,Afternoon,Definitely yes,0
1,1,0,0,0,0,1,0,0,0,0,0,0,,0,0,0,0,0,1,0,0,0,0,0,1,0,0,0,0,1,0,0,0,1,1,1,1,1,1,0,,1,0,1,0,0,0,0,0,0,1,1,0,0,0,1,Dallas cowboys,0,1,0,0,0,1,0,0,1,0,0,,,21–23,Long Island,Male,Once a day,"I mostly come across news passively (social media, conversations, or notifications)","Short-form videos (TikTok, Instagram Reels, YouTube Shorts)",Afternoon,Definitely yes,0
1,1,0,0,1,0,0,0,0,0,1,1,0,,1,1,1,0,1,1,1,1,0,1,0,0,0,0,0,1,1,1,1,0,1,1,1,1,1,1,1,,1,1,0,0,0,1,1,1,0,0,0,0,0,0,0,,0,1,1,1,0,1,0,1,0,0,0,,Be honest ,18–20,The Five Boroughs,Male,Multiple times a day,A mix of both active and passive engagement,"Short-form videos (TikTok, Instagram Reels, YouTube Shorts)",Afternoon,Might or might not,1
1,0,1,0,0,0,0,0,0,0,0,0,0,,1,0,0,1,0,1,1,0,0,0,0,1,0,0,0,0,1,1,1,1,1,1,1,1,1,1,1,,1,0,1,0,0,1,0,0,0,1,1,0,0,0,0,,0,0,1,0,0,1,0,0,1,0,0,,,21–23,The Five Boroughs,Male,Multiple times a day,"I mostly come across news passively (social media, conversations, or notifications)","Short-form videos (TikTok, Instagram Reels, YouTube Shorts)",Afternoon,Definitely yes,1
1,1,0,0,0,0,0,0,0,1,1,1,0,,1,1,1,0,1,0,1,0,0,0,0,0,1,0,0,0,1,1,1,1,1,1,1,1,1,1,0,,0,0,0,0,1,0,0,0,1,0,1,1,0,0,0,,1,1,1,0,0,0,0,0,0,1,0,,,18–20,Long Island,Female,A few times a week,"I mostly come across news passively (social media, conversations, or notifications)","Short-form videos (TikTok, Instagram Reels, YouTube Shorts)",Late Night,Definitely yes,0
1,1,1,0,1,0,0,1,1,0,1,1,0,,0,1,0,0,1,0,0,1,1,0,0,0,1,0,0,0,1,0,0,0,1,1,1,1,1,1,0,,1,0,1,0,0,0,0,0,0,0,0,0,0,0,0,,1,0,0,1,0,0,0,0,0,1,0,,,18–20,Non Greater Metro,Female,Multiple times a day,A mix of both active and passive engagement,Long-form articles,Afternoon,Probably yes,1
1,0,0,0,1,0,1,1,0,1,1,0,0,,1,1,1,0,0,1,1,0,0,0,0,1,1,0,0,0,1,1,1,1,1,1,1,1,1,1,1,,0,0,1,0,0,0,0,0,0,0,1,0,0,0,0,,1,1,0,0,0,1,0,0,0,1,0,,,18–20,The Five Boroughs,Female,A few times a week,"I mostly come across news passively (social media, conversations, or notifications)","Social feeds & stories (Instagram, Twitter/X)",Afternoon,Might or might not,0
1,1,0,0,0,0,0,0,1,0,0,0,0,,1,0,1,0,1,1,0,1,0,0,0,0,0,1,0,0,1,0,0,0,1,1,1,1,1,1,1,,1,0,0,0,0,0,0,0,0,0,1,0,0,0,0,,0,0,1,0,0,0,0,0,0,0,0,,,18–20,Westchester,Female,Never,,"Short-form videos (TikTok, Instagram Reels, YouTube Shorts)",Evening,Probably yes,0
1,0,0,0,0,0,0,0,0,0,0,0,0,,1,0,0,0,0,0,0,0,0,0,0,0,0,0,0,1,0,0,0,1,0,1,1,0,0,0,0,,0,0,0,0,1,0,0,0,0,0,1,0,0,0,0,,0,0,1,0,0,0,0,0,0,0,0,,,18–20,Non Greater Metro,Female,Multiple times a day,I actively seek out and read the news,"Short-form videos (TikTok, Instagram Reels, YouTube Shorts)",Morning,Might or might not,1
1,1,1,0,1,0,0,0,0,0,0,0,0,,1,1,1,0,1,1,1,0,0,0,0,1,1,0,0,0,1,0,0,0,1,1,1,1,1,1,1,,0,1,1,1,0,1,0,0,0,0,0,0,0,0,0,,1,1,1,0,0,0,0,0,0,0,0,,,18–20,Long Island,Male,Once a month,"I mostly come across news passively (social media, conversations, or notifications)","Short-form videos (TikTok, Instagram Reels, YouTube Shorts)",Evening,Probably yes,0
0,0,1,0,0,0,0,1,0,0,1,0,0,,0,1,1,0,0,0,0,0,1,0,0,0,0,0,0,0,1,0,1,0,1,1,1,1,1,1,1,,0,0,0,0,0,1,0,1,0,0,1,0,0,0,0,,1,1,0,0,1,0,0,0,0,0,0,,,18–20,Non Greater Metro,Female,Multiple times a day,A mix of both active and passive engagement,Long-form articles,Afternoon,Might or might not,1
1,0,0,0,0,0,0,0,0,0,0,0,0,,1,0,0,0,0,0,0,0,0,0,0,1,0,0,0,0,1,0,0,0,0,1,1,1,1,1,1,,1,0,0,0,0,0,0,0,0,0,0,1,0,0,0,,1,0,0,0,0,0,0,0,0,0,0,,,18–20,The Five Boroughs,Female,Once every six months,I actively seek out and read the news,Podcasts/Radio,Early Morning,Might or might not,0
1,1,1,1,0,0,0,0,0,0,1,0,0,,1,1,1,1,0,0,1,1,0,0,0,1,1,0,0,1,1,1,1,0,1,0,0,0,0,0,0,,0,0,0,0,0,0,0,0,0,0,0,0,0,0,0,,0,0,0,0,0,0,0,0,0,0,0,,,18–20,The Five Boroughs,Female,Multiple times a day,"I mostly come across news passively (social media, conversations, or notifications)",Headlines with brief summaries,Afternoon,Probably yes,0
1,1,0,0,0,0,0,0,0,0,0,0,0,,0,0,0,0,0,0,1,0,0,0,0,1,1,0,0,0,1,0,0,0,0,1,1,1,1,1,1,,1,1,1,0,0,0,0,0,0,0,0,0,0,0,0,,1,0,0,1,0,0,0,0,0,0,0,,no,18–20,Long Island,Female,A few times a week,I actively seek out and read the news,Long-form articles,Evening,Probably not,0
1,0,0,0,0,0,0,0,0,0,0,0,0,,1,1,1,0,1,1,1,1,1,1,0,0,0,0,0,0,1,1,1,1,1,1,1,1,1,1,0,,0,0,0,0,0,0,0,0,0,0,0,0,0,0,0,,1,0,0,0,0,0,1,1,0,0,0,,,18–20,The Five Boroughs,Non-binary,Multiple times a day,A mix of both active and passive engagement,Long-form articles,Afternoon,Probably not,0
1,0,0,0,1,0,0,1,1,1,1,0,0,,1,1,1,1,0,1,1,0,0,1,0,1,0,0,0,0,1,0,1,1,1,1,1,1,1,1,1,NewsMax,1,0,1,0,0,0,0,0,0,0,1,0,0,0,0,,1,0,0,0,0,0,0,1,0,1,0,,,18–20,Long Island,Male,Multiple times a day,I actively seek out and read the news,Headlines with brief summaries,Morning,Probably yes,0
1,0,0,0,1,0,0,0,1,0,1,0,0,,1,1,0,1,0,1,0,0,0,0,0,1,1,1,0,1,0,0,0,0,0,1,1,1,1,1,0,,1,0,1,0,0,0,0,0,0,0,1,1,1,0,0,,0,0,0,0,0,1,0,0,0,0,0,,,18–20,The Five Boroughs,Male,Multiple times a day,I actively seek out and read the news,Long-form articles,Morning,Might or might not,0
1,1,1,0,1,0,0,1,1,0,1,0,0,,0,1,0,0,1,0,0,1,1,0,0,0,0,1,0,0,1,0,1,0,1,1,1,1,1,1,1,,0,0,0,0,1,0,0,0,0,0,1,1,0,0,0,,0,0,1,0,0,0,0,0,0,1,0,,No,21–23,The Five Boroughs,Female,Once a day,A mix of both active and passive engagement,"Short-form videos (TikTok, Instagram Reels, YouTube Shorts)",Evening,Might or might not,0
1,1,0,1,1,0,0,0,1,0,1,0,0,,1,1,1,1,1,0,0,0,0,1,0,1,1,1,0,1,1,1,1,1,1,1,1,1,1,1,1,,1,0,0,0,0,0,0,0,0,0,0,0,0,0,0,,1,0,0,0,0,1,0,0,0,1,0,,,21–23,The Five Boroughs,Male,Multiple times a day,A mix of both active and passive engagement,"Short-form videos (TikTok, Instagram Reels, YouTube Shorts)",Late Night,Definitely yes,1
1,1,0,1,1,0,0,0,0,0,0,0,0,,1,0,0,0,1,0,0,1,0,0,0,1,1,1,0,0,1,0,0,0,0,1,1,1,1,1,1,,1,0,0,0,0,0,0,0,0,0,0,0,0,0,0,,1,0,1,0,0,1,0,0,0,0,0,,No,18–20,New Jersey,Female,Multiple times a day,I rarely or never follow the news,"Short-form videos (TikTok, Instagram Reels, YouTube Shorts)",Morning,Probably yes,0
1,1,1,1,1,0,0,1,1,0,1,1,0,,1,1,1,1,1,1,1,1,1,1,0,1,0,0,0,1,1,1,1,1,1,1,1,1,1,1,1,,1,1,1,1,1,1,1,1,1,1,1,1,1,1,0,,1,0,1,0,0,1,1,1,1,1,0,,Possibly including job opportunities or internship listing as well as other opportunities ,18–20,The Five Boroughs,Male,Multiple times a day,I actively seek out and read the news,"Short-form videos (TikTok, Instagram Reels, YouTube Shorts)",Morning,Probably yes,1
1,1,1,0,1,0,0,0,0,0,0,0,0,,1,0,0,1,0,1,0,0,0,1,0,0,0,1,0,0,1,0,0,0,1,1,1,1,1,1,1,,0,0,0,0,0,1,0,0,0,0,0,0,0,0,0,,1,0,1,0,0,1,0,0,0,0,0,,Exciting videos and images to go with the article,21–23,Non Greater Metro,Male,Once a day,"I mostly come across news passively (social media, conversations, or notifications)",Headlines with brief summaries,Evening,Probably yes,0
1,1,0,1,0,0,0,0,0,0,0,1,0,,1,0,0,0,1,0,1,0,0,0,0,1,0,0,0,0,1,0,0,0,0,1,1,1,1,1,0,,0,1,0,0,0,0,0,0,0,0,0,0,0,0,0,,0,1,0,0,0,1,0,0,0,0,0,,There’s news reports on tiktok that signally have a really good statement to start their videos ,21–23,The Five Boroughs,Female,Once every six months,I rarely or never follow the news,"Short-form videos (TikTok, Instagram Reels, YouTube Shorts)",Morning,Probably not,1
0,0,0,0,0,0,0,0,0,0,0,0,1,,0,0,0,0,0,0,0,0,0,0,1,0,0,0,0,1,0,0,0,0,1,1,1,1,1,1,1,,0,1,0,0,0,0,0,1,0,0,0,0,0,0,0,,0,0,0,0,0,0,0,0,0,0,1,,No,21–23,The Five Boroughs,Male,Never,,"Short-form videos (TikTok, Instagram Reels, YouTube Shorts)",Late Night,Definitely not,0
1,1,0,0,0,0,1,1,1,1,1,1,0,,1,1,1,1,1,0,0,1,0,1,0,1,0,1,0,0,1,1,1,1,1,1,1,1,1,1,0,,1,0,0,0,0,0,1,0,1,0,1,1,0,0,0,,0,0,1,0,0,1,0,1,0,0,0,,,21–23,The Five Boroughs,Female,Multiple times a day,A mix of both active and passive engagement,"Short-form videos (TikTok, Instagram Reels, YouTube Shorts)",Late Night,Probably yes,1
1,0,0,0,1,0,0,0,0,0,0,0,0,,0,1,1,0,0,1,1,1,0,1,0,1,0,0,0,1,1,1,1,1,1,1,1,1,1,1,1,,0,0,1,0,0,0,0,0,0,0,1,0,0,0,0,,1,0,0,0,0,1,0,0,0,1,0,,,21–23,The Five Boroughs,Male,A few times a week,"I mostly come across news passively (social media, conversations, or notifications)","Social feeds & stories (Instagram, Twitter/X)",Afternoon,Probably yes,0
1,1,1,0,1,0,0,0,1,0,0,1,0,,1,0,0,1,1,1,1,1,0,0,0,0,1,0,0,0,1,1,1,1,1,1,1,1,1,1,1,,1,0,1,0,0,0,1,0,0,1,1,0,1,0,0,,0,0,1,0,1,1,0,0,0,0,0,,Comedy,21–23,The Five Boroughs,Male,Multiple times a day,I actively seek out and read the news,"Short-form videos (TikTok, Instagram Reels, YouTube Shorts)",Afternoon,Definitely yes,1
1,0,0,0,0,0,0,0,0,0,1,0,0,,0,0,0,1,1,1,0,1,0,0,0,1,1,1,0,0,1,1,1,0,1,1,1,1,1,1,0,,0,0,0,0,0,0,0,0,0,0,1,0,0,0,0,,0,0,1,1,0,0,0,1,0,0,0,,If the news somehow directly relates to their life (ex: financial news & how one could make $ from the news),21–23,The Five Boroughs,Male,,"I mostly come across news passively (social media, conversations, or notifications)","Short-form videos (TikTok, Instagram Reels, YouTube Shorts)",Evening,Definitely yes,0
1,1,1,0,0,0,0,0,0,0,1,0,0,,1,1,0,1,0,0,0,0,1,1,0,1,0,1,0,0,1,1,1,0,1,1,1,1,1,1,1,,0,1,0,0,0,0,0,0,0,0,0,0,0,0,0,,1,1,1,1,1,0,1,0,0,1,0,,Articles you can read in under 10 minutes ,18–20,The Five Boroughs,Female,A few times a week,"I mostly come across news passively (social media, conversations, or notifications)",Headlines with brief summaries,Morning,Definitely yes,0
1,1,1,0,1,0,0,1,1,0,1,0,0,,1,1,0,1,1,0,1,1,0,1,0,1,1,1,0,1,1,1,1,1,1,1,1,1,1,1,1,,1,1,1,0,0,0,0,0,1,1,1,0,0,0,0,,1,1,1,1,0,1,1,0,0,0,0,,"Short, concise, interactive and engaging ",24–26,The Five Boroughs,Female,Multiple times a day,"I mostly come across news passively (social media, conversations, or notifications)","Social feeds & stories (Instagram, Twitter/X)",Afternoon,Definitely yes,0
1,0,0,0,0,0,0,0,1,0,1,1,0,,0,1,1,0,0,0,1,0,0,0,0,0,0,1,0,0,1,1,1,0,1,1,1,1,1,1,1,,1,0,0,0,0,0,0,0,0,0,1,1,0,0,0,,1,0,0,1,0,1,0,1,0,0,0,,Interesting eye catching headlines,21–23,The Five Boroughs,Female,,A mix of both active and passive engagement,Long-form articles,Afternoon,Probably yes,1
1,0,0,0,0,0,0,0,0,0,1,0,0,,1,0,1,1,0,1,1,0,0,1,0,0,1,1,0,0,1,0,1,0,1,1,1,1,1,1,1,,1,0,1,0,0,1,0,0,0,0,1,1,0,0,0,,1,0,0,0,1,0,0,0,0,1,0,,"It needs to connect with peoples lives seamlessly. It needs to be something that people don’t feel like they are spending energy on. It needs to fit into their everyday lives without becoming another app to take care of, they will just walk back into old habits of using sites like instagram or X.",21–23,The Five Boroughs,Male,Multiple times a day,"I mostly come across news passively (social media, conversations, or notifications)",Headlines with brief summaries,Late Night,Definitely yes,1
0,0,1,1,0,0,0,0,0,0,1,0,0,,0,1,0,1,0,1,1,0,0,0,0,0,0,1,0,1,0,0,0,0,0,1,1,1,1,1,1,,0,1,1,0,0,0,1,0,0,0,1,0,0,0,0,,0,0,0,1,1,0,0,0,0,0,0,,,36.0,Long Island,Male,Multiple times a day,A mix of both active and passive engagement,Headlines with brief summaries,Evening,Might or might not,0
0,1,1,0,0,0,0,0,0,0,1,0,0,,1,0,0,1,0,1,0,0,0,0,0,1,0,0,0,0,1,0,0,0,1,1,0,0,0,1,0,,0,0,1,1,0,0,0,1,0,0,1,1,0,0,0,,1,1,1,1,0,1,0,0,0,0,0,,,18–20,New Jersey,Male,Once a day,"I mostly come across news passively (social media, conversations, or notifications)","Short-form videos (TikTok, Instagram Reels, YouTube Shorts)",Morning,Probably yes,0
0,1,0,0,1,0,1,1,0,0,0,0,0,,1,0,0,0,1,1,0,1,0,0,0,1,0,0,1,0,1,0,1,0,0,1,1,1,1,1,0,,1,0,0,0,1,0,1,0,0,0,0,0,0,0,0,,1,0,1,0,0,1,0,0,0,0,0,,,21–23,The Five Boroughs,Female,A few times a week,"I mostly come across news passively (social media, conversations, or notifications)","Short-form videos (TikTok, Instagram Reels, YouTube Shorts)",Late Night,Probably yes,0
0,0,0,1,1,0,0,0,1,0,1,0,0,,0,1,0,0,0,1,0,0,0,1,0,0,1,0,0,0,1,1,1,0,1,1,1,1,1,1,0,,0,1,0,0,0,0,0,0,0,0,1,1,0,0,0,,1,0,0,1,0,0,0,1,0,0,0,,,24–26,Non Greater Metro,Male,Once a day,A mix of both active and passive engagement,Headlines with brief summaries,Morning,Might or might not,1
0,0,0,0,0,0,0,0,0,0,1,0,0,,1,1,0,0,0,0,0,0,0,0,0,0,1,0,0,0,1,1,1,1,1,1,1,1,1,1,1,BBC,0,0,0,0,0,0,0,0,0,1,0,0,0,0,0,,1,1,0,0,1,1,0,0,0,0,0,,,21–23,Long Island,Female,Once a day,"I mostly come across news passively (social media, conversations, or notifications)",Headlines with brief summaries,Morning,Might or might not,0
0,1,0,0,0,0,0,0,0,0,1,0,0,,1,1,0,1,0,0,0,0,0,0,0,1,0,0,0,0,1,0,0,0,1,1,1,1,1,1,1,,0,0,0,0,0,0,0,0,0,0,1,1,0,0,0,,0,0,1,0,0,1,0,0,0,1,0,,,18–20,The Five Boroughs,Female,Once a day,"I mostly come across news passively (social media, conversations, or notifications)",Headlines with brief summaries,Morning,Definitely yes,0
1,1,0,0,0,0,0,0,0,0,0,0,0,,1,1,0,0,1,0,0,0,0,0,0,1,0,0,0,0,1,0,1,0,1,1,1,1,1,1,1,,0,1,0,0,0,0,0,0,0,0,0,0,0,0,0,,0,0,1,0,0,0,0,0,0,0,0,,,18–20,The Five Boroughs,Female,Multiple times a day,"I mostly come across news passively (social media, conversations, or notifications)","Short-form videos (TikTok, Instagram Reels, YouTube Shorts)",Evening,Probably yes,0
1,0,0,0,1,0,0,0,0,0,0,0,0,,0,0,0,1,0,1,0,0,0,1,0,0,0,0,0,1,1,0,1,0,1,1,1,1,1,1,1,,0,0,0,0,0,0,0,0,0,0,0,0,0,0,1,,0,0,0,0,0,0,0,0,0,0,1,,,18–20,Long Island,Male,Never,I rarely or never follow the news,"Short-form videos (TikTok, Instagram Reels, YouTube Shorts)",Early Morning,Probably not,0
1,1,1,0,0,0,0,1,1,0,1,0,0,,1,1,1,1,1,1,1,0,0,1,0,0,0,1,0,0,1,0,1,0,1,1,1,1,1,1,1,,0,1,1,0,1,1,0,0,0,0,1,0,0,0,0,,1,1,1,0,0,1,0,0,1,0,0,,,18–20,The Five Boroughs,Male,Multiple times a day,A mix of both active and passive engagement,"Social feeds & stories (Instagram, Twitter/X)",Afternoon,Definitely yes,0
1,1,0,0,0,0,0,0,0,0,0,1,1,rednote,1,1,0,1,0,0,0,0,0,1,0,1,0,1,0,0,1,0,0,0,0,1,1,1,1,1,1,,0,0,0,0,0,0,0,0,0,0,0,0,0,0,0,,1,0,1,1,0,0,0,1,0,0,0,,,18–20,The Five Boroughs,Female,Once a month,"I mostly come across news passively (social media, conversations, or notifications)","Short-form videos (TikTok, Instagram Reels, YouTube Shorts)",Afternoon,Probably yes,0
1,0,0,0,0,0,0,0,0,0,0,0,0,,1,1,0,0,1,1,0,0,0,0,0,1,0,0,0,1,1,1,1,1,1,1,1,1,1,1,0,,0,1,0,0,0,1,0,0,0,1,1,0,0,0,0,,0,0,1,0,0,0,0,0,0,0,0,,,21–23,The Five Boroughs,Female,Multiple times a day,"I mostly come across news passively (social media, conversations, or notifications)",Headlines with brief summaries,Afternoon,Might or might not,0
1,0,0,0,1,0,0,1,0,0,1,0,0,,1,1,1,0,1,1,1,1,0,0,0,1,0,0,0,0,1,1,1,0,0,1,1,1,1,1,1,,0,1,1,0,1,1,0,0,0,1,1,1,0,0,0,,1,1,1,0,0,0,0,0,0,0,0,,,24–26,The Five Boroughs,Male,Multiple times a day,I actively seek out and read the news,Long-form articles,Evening,Probably yes,0
1,1,1,0,0,0,0,0,1,0,1,0,0,,0,0,0,1,1,0,0,1,0,0,0,0,0,1,0,0,1,0,0,0,1,1,1,1,1,1,0,,1,0,1,0,0,0,0,0,0,0,0,0,0,0,0,,0,0,1,0,0,0,0,0,0,1,0,,,21–23,New Jersey,Female,Multiple times a day,A mix of both active and passive engagement,"Short-form videos (TikTok, Instagram Reels, YouTube Shorts)",Evening,Definitely yes,0
1,0,0,1,0,0,0,0,0,0,1,0,0,,1,1,1,1,1,0,0,0,1,1,0,0,1,1,0,0,1,1,1,0,1,1,1,1,1,1,1,,1,0,0,0,0,0,0,0,0,1,1,1,0,0,0,,0,1,0,0,0,1,0,1,1,1,0,,,21–23,The Five Boroughs,Female,Once a day,A mix of both active and passive engagement,"Social feeds & stories (Instagram, Twitter/X)",Late Night,Probably yes,0
1,0,1,0,0,0,0,0,1,0,1,0,0,,0,0,0,1,0,1,0,1,0,1,0,0,0,1,0,1,1,1,1,1,1,1,1,1,1,1,1,Barron’s,0,0,0,0,0,0,1,0,0,1,1,0,0,0,0,,0,0,0,0,1,1,0,1,0,0,0,,Stackable articles ,21–23,The Five Boroughs,Male,Multiple times a day,I actively seek out and read the news,Headlines with brief summaries,Early Morning,Might or might not,1
0,1,1,0,0,0,0,1,1,0,0,1,0,,1,1,0,0,1,1,0,0,0,0,0,1,0,0,0,0,1,0,1,1,1,1,1,1,1,1,1,,1,1,1,0,0,1,0,1,0,0,1,1,0,0,0,,1,0,1,0,1,1,0,0,0,1,0,,,21–23,The Five Boroughs,Female,Once a month,I rarely or never follow the news,"Short-form videos (TikTok, Instagram Reels, YouTube Shorts)",Evening,Probably yes,0
1,0,0,1,1,0,0,0,0,0,0,0,1,red note,1,1,0,1,0,0,1,0,0,0,0,0,1,1,0,0,0,0,1,0,0,1,1,1,1,1,1,,0,0,0,0,0,0,0,0,0,0,0,0,0,0,1,,0,0,0,0,0,1,1,0,0,0,1,,,24–26,Non Greater Metro,Female,Once every six months,"I mostly come across news passively (social media, conversations, or notifications)","Short-form videos (TikTok, Instagram Reels, YouTube Shorts)",Afternoon,Definitely not,1
1,0,1,0,0,1,0,0,0,0,1,0,0,,1,1,1,0,0,0,0,0,0,0,0,0,0,0,0,1,1,0,1,1,1,1,1,1,1,1,0,,1,0,0,0,0,0,1,0,0,0,0,0,0,0,0,,0,0,0,0,1,1,0,1,0,0,0,,"Personally, I would say I find the news engaging when it’s true. The New York Times is largely known as a “leftist” newspaper for some unknown reason, despite the fact that they’ve spent the past 2 years manufacturing consent for genocide. Six corporations own 94% of our media. The idea of free press in America is a joke. ",28.0,The Five Boroughs,Female,Multiple times a day,A mix of both active and passive engagement,Interactive visuals/infographics,Afternoon,Definitely not,1
1,1,1,0,0,0,0,1,0,0,1,0,0,,1,1,0,1,0,0,0,0,0,0,0,0,1,1,0,0,1,1,1,1,1,1,1,1,1,1,0,,1,0,0,1,0,1,0,0,1,0,1,0,0,0,0,,1,0,1,0,1,1,1,0,1,0,0,,,18–20,The Five Boroughs,Female,Once a day,A mix of both active and passive engagement,"Short-form videos (TikTok, Instagram Reels, YouTube Shorts)",Morning,Probably yes,0
0,0,0,0,0,0,0,0,0,0,1,0,0,,0,0,0,1,0,0,0,0,0,0,0,0,1,0,1,1,1,0,0,0,1,1,1,1,1,1,1,,0,0,0,0,0,0,0,0,0,0,0,0,0,0,1,,0,0,1,1,0,0,0,0,0,1,0,,Recent trends,21–23,The Five Boroughs,Male,Once a day,"I mostly come across news passively (social media, conversations, or notifications)",Headlines with brief summaries,Morning,Definitely yes,0
1,0,1,0,1,1,0,0,1,0,0,0,0,,0,0,0,1,1,0,1,1,0,1,0,1,0,0,0,0,1,1,0,0,1,1,1,1,1,1,1,,0,0,0,0,0,0,0,0,0,0,1,1,0,0,0,,0,0,1,1,0,1,0,0,0,0,0,,More short-form videos,21–23,The Five Boroughs,Female,Multiple times a day,A mix of both active and passive engagement,"Short-form videos (TikTok, Instagram Reels, YouTube Shorts)",Afternoon,Probably yes,0
0,0,1,0,0,0,0,0,1,0,1,0,0,,0,1,1,1,0,0,0,0,0,0,0,1,1,0,0,0,1,0,1,1,1,1,1,1,1,1,1,,0,0,1,0,0,0,1,0,0,1,1,0,0,0,0,,1,0,0,0,1,0,0,0,0,1,0,,,21–23,Long Island,Male,Multiple times a day,I actively seek out and read the news,Long-form articles,Evening,Probably yes,1
1,0,0,0,0,0,0,1,0,0,1,1,0,,1,1,1,1,1,0,0,0,0,0,0,1,1,0,0,0,1,1,1,0,1,1,1,1,1,1,0,,0,1,1,0,0,0,1,0,0,1,1,0,1,1,0,,0,0,1,1,1,0,0,0,0,0,0,,Short videos or blurbs to increase engagement. Many people don’t have time to read long articles and/or their attention span cannot handle it.,21–23,The Five Boroughs,Female,Multiple times a day,A mix of both active and passive engagement,"Short-form videos (TikTok, Instagram Reels, YouTube Shorts)",Early Morning,Might or might not,1
1,0,1,1,1,0,0,0,0,0,0,0,0,,1,1,1,1,0,1,0,1,0,1,0,0,0,1,0,0,1,1,1,1,1,1,1,1,1,1,0,,1,1,0,0,0,1,0,0,0,0,1,0,0,0,0,,0,0,1,0,0,0,0,0,0,0,0,,I think short-form content is king,21–23,New Jersey,Male,Once a day,"I mostly come across news passively (social media, conversations, or notifications)","Social feeds & stories (Instagram, Twitter/X)",Evening,Might or might not,0
1,1,1,0,1,0,0,0,0,0,0,0,0,,1,1,0,1,0,1,0,0,0,0,0,1,0,0,0,0,1,1,1,1,1,1,1,1,1,1,0,,1,0,1,0,0,0,0,0,0,1,1,0,0,0,0,,1,0,1,1,0,0,0,0,0,0,0,,,18–20,Westchester,Male,Once a day,"I mostly come across news passively (social media, conversations, or notifications)","Social feeds & stories (Instagram, Twitter/X)",Afternoon,Probably yes,0
1,1,0,0,0,0,0,0,0,0,0,0,0,,0,0,0,1,0,1,1,0,0,1,1,1,0,0,0,0,1,0,0,0,1,1,1,1,1,1,0,,1,0,0,0,0,1,0,0,0,0,0,0,0,0,0,,0,0,1,0,0,0,0,0,0,0,0,,Short video ,18–20,Long Island,Male,Once a day,"I mostly come across news passively (social media, conversations, or notifications)","Short-form videos (TikTok, Instagram Reels, YouTube Shorts)",Morning,Might or might not,0
1,0,0,0,0,0,0,0,0,0,0,0,0,,0,0,1,1,0,1,0,0,0,0,0,0,0,1,1,0,1,0,0,0,0,1,1,1,1,1,1,,0,0,0,0,0,0,0,0,0,0,0,1,0,0,0,,1,1,0,0,0,0,0,0,0,0,0,,I do not ,21–23,The Five Boroughs,Female,Never,I rarely or never follow the news,"Short-form videos (TikTok, Instagram Reels, YouTube Shorts)",Afternoon,Definitely not,0
1,1,0,0,0,0,0,1,0,0,1,0,1,Citizen app,1,0,0,0,0,0,0,0,0,1,0,1,0,0,1,0,1,0,0,0,1,1,1,1,1,1,0,,1,0,0,0,0,0,0,0,0,0,1,0,0,0,0,,1,0,0,0,0,0,0,0,0,0,0,,,21–23,The Five Boroughs,Male,Once a month,A mix of both active and passive engagement,"Social feeds & stories (Instagram, Twitter/X)",Morning,Might or might not,0
1,1,0,0,1,0,1,0,0,0,1,0,0,,0,0,0,1,1,0,0,1,0,0,0,1,0,0,0,0,1,0,0,0,0,1,1,1,1,1,0,,0,0,1,0,0,0,0,0,0,0,1,1,0,1,0,,0,0,1,0,0,0,0,0,0,0,0,,,24–26,The Five Boroughs,Female,A few times a week,"I mostly come across news passively (social media, conversations, or notifications)","Social feeds & stories (Instagram, Twitter/X)",Afternoon,Definitely yes,0
1,1,1,0,0,0,1,1,0,0,0,1,0,,0,0,0,0,1,1,0,0,0,1,0,1,0,0,0,0,1,1,1,1,1,1,1,1,1,1,1,,0,0,1,1,1,0,0,0,0,0,1,1,0,0,0,,0,0,1,0,0,0,0,0,0,0,0,,,18–20,Long Island,Female,A few times a week,"I mostly come across news passively (social media, conversations, or notifications)","Social feeds & stories (Instagram, Twitter/X)",Afternoon,Probably yes,0
0,1,0,1,1,0,0,0,1,0,1,0,0,,1,0,0,1,1,0,1,1,0,0,0,0,0,1,0,0,1,0,1,0,1,1,1,1,1,1,1,,0,0,0,0,0,0,0,0,0,0,1,1,0,0,1,The Philadelphia Eagles ,1,0,1,0,0,0,0,0,1,0,0,,- simple headlines and short form videos. It is sad but for young people to consume content news outlets need to “chat gbt” their long form articles and put 5 bullet points on the front page if they want young people to be in engaged. Long form content should still exist / be read but it is not the way of the world anymore.,21–23,Non Greater Metro,Female,Multiple times a day,I actively seek out and read the news,Podcasts/Radio,Early Morning,Definitely yes,1
1,1,0,0,0,1,0,1,0,0,1,1,0,,1,1,0,0,1,0,0,0,1,0,0,1,1,1,1,0,1,1,1,1,1,1,1,1,1,1,1,,1,0,1,0,0,1,0,0,0,1,1,0,0,0,1,pittsburgh steelers,0,0,1,0,0,0,0,1,1,0,0,,ads,18–20,The Five Boroughs,Female,Once a day,"I mostly come across news passively (social media, conversations, or notifications)",Headlines with brief summaries,Afternoon,Probably yes,0
1,1,1,1,1,1,1,1,0,1,0,0,0,,0,0,0,0,1,1,0,1,1,0,0,0,1,0,0,0,0,1,0,1,0,1,1,1,1,1,1,,0,0,0,1,0,0,0,0,1,1,1,1,1,1,0,,0,0,0,0,1,0,1,1,1,0,0,,Mo,21–23,The Five Boroughs,Female,A few times a week,I actively seek out and read the news,"Short-form videos (TikTok, Instagram Reels, YouTube Shorts)",Afternoon,Might or might not,0
1,1,0,0,0,0,0,0,0,0,0,1,0,,0,0,1,0,1,0,0,0,0,0,0,0,0,0,1,0,1,0,0,0,1,1,1,1,1,1,1,,1,0,0,1,0,0,0,1,0,0,1,0,0,0,0,,0,0,1,0,0,1,1,0,0,0,0,,,18–20,The Five Boroughs,Female,Once a month,"I mostly come across news passively (social media, conversations, or notifications)","Short-form videos (TikTok, Instagram Reels, YouTube Shorts)",Late Night,Might or might not,1
1,1,0,0,1,0,1,1,0,0,1,1,0,,0,1,0,0,0,1,0,0,0,0,0,0,0,1,0,0,1,0,1,0,1,1,1,1,1,1,1,,1,0,1,0,0,0,0,0,0,0,1,1,1,1,0,,0,1,0,1,0,1,0,0,1,0,0,,,18–20,New Jersey,Female,Multiple times a day,A mix of both active and passive engagement,"Social feeds & stories (Instagram, Twitter/X)",Morning,Probably yes,0
1,0,0,0,0,0,0,1,0,0,0,0,0,,1,0,0,0,1,1,0,0,0,0,0,1,0,0,0,0,1,1,1,1,1,1,1,1,1,1,1,,0,1,0,0,0,0,1,0,1,0,1,0,0,0,0,,1,0,0,1,0,1,0,0,0,0,0,,,18–20,Long Island,Female,A few times a week,"I mostly come across news passively (social media, conversations, or notifications)","Social feeds & stories (Instagram, Twitter/X)",Evening,Definitely yes,1
1,1,1,0,0,0,0,0,0,0,0,0,0,,0,0,0,0,1,1,1,1,0,0,0,1,0,0,0,0,1,1,1,0,1,1,1,1,1,1,0,,1,0,1,0,0,1,0,0,0,1,1,0,0,0,0,,1,0,1,0,0,0,0,0,1,0,0,,,21–23,The Five Boroughs,Female,A few times a week,"I mostly come across news passively (social media, conversations, or notifications)","Short-form videos (TikTok, Instagram Reels, YouTube Shorts)",Evening,Probably yes,0
1,1,1,0,1,0,1,1,0,0,0,0,0,,1,0,1,0,0,0,1,1,0,0,0,1,0,0,0,0,0,1,0,0,0,1,0,0,0,0,0,,0,0,1,0,0,0,0,0,0,0,0,0,0,0,0,,1,1,0,0,0,0,0,0,0,0,0,,,18–20,The Five Boroughs,Female,A few times a week,"I mostly come across news passively (social media, conversations, or notifications)",Long-form articles,Early Morning,Probably not,0
1,0,0,0,0,0,0,1,0,0,0,0,0,,1,0,0,1,0,1,0,0,0,0,0,1,0,0,0,0,1,1,1,0,1,1,1,1,1,1,1,,1,0,1,0,0,1,0,0,0,0,0,0,0,0,0,,0,1,1,0,1,0,0,0,0,0,0,,No,18–20,The Five Boroughs,Male,A few times a week,A mix of both active and passive engagement,"Short-form videos (TikTok, Instagram Reels, YouTube Shorts)",Evening,Might or might not,0
1,0,0,0,1,0,0,0,1,0,0,0,0,,1,0,0,1,1,0,1,1,0,0,0,0,1,0,0,0,1,0,0,0,1,1,1,1,1,1,0,,1,0,0,0,0,0,0,1,0,0,1,0,0,0,0,,0,1,0,0,1,1,0,0,0,0,0,,The layout and modern feel that resembles social media. Quick content and summaries so you can scroll and consume more. If something does catch your eye then you can read further. Text alerts with what you are interested (highlights) in the morning are also great for staying informed  quickly.   ,24–26,The Five Boroughs,Female,Multiple times a day,"I mostly come across news passively (social media, conversations, or notifications)","Social feeds & stories (Instagram, Twitter/X)",Evening,Definitely yes,0
1,1,0,0,0,0,0,0,0,0,1,0,0,,0,1,0,1,1,1,1,1,0,0,0,1,0,0,0,1,1,0,1,0,1,1,1,1,1,1,1,,0,0,1,0,1,0,0,0,0,0,1,1,0,0,0,,1,0,0,0,0,0,1,0,1,0,0,,,18–20,The Five Boroughs,Female,Multiple times a day,"I mostly come across news passively (social media, conversations, or notifications)","Short-form videos (TikTok, Instagram Reels, YouTube Shorts)",Afternoon,Might or might not,0
0,0,0,0,0,0,0,0,0,0,1,0,0,,1,0,0,0,0,0,0,0,0,0,0,1,0,0,0,0,0,0,0,0,1,1,1,1,1,1,1,,1,1,1,0,0,1,0,1,1,1,1,1,0,0,0,,0,1,1,1,1,0,0,0,0,0,0,,,21–23,The Five Boroughs,Male,Multiple times a day,I actively seek out and read the news,Long-form articles,Morning,Probably not,0
1,1,0,0,0,0,0,1,0,0,1,0,0,,0,1,0,1,1,1,1,0,0,0,0,1,1,0,0,0,1,1,1,1,1,1,1,1,1,1,0,,0,1,0,0,0,0,1,0,0,0,1,1,0,0,0,,1,0,1,0,0,0,0,1,0,0,0,,The attention grabber; colors; words used; target audience; language ,21–23,The Five Boroughs,Female,Multiple times a day,A mix of both active and passive engagement,"Short-form videos (TikTok, Instagram Reels, YouTube Shorts)",Evening,Probably yes,1
1,1,1,0,0,0,0,0,0,0,0,0,0,,0,1,0,0,1,0,1,1,0,0,0,0,0,1,0,0,1,0,1,0,1,1,1,1,1,1,0,,0,0,0,0,0,0,0,0,0,0,1,1,0,0,0,,1,0,1,0,0,0,1,0,0,0,0,,,18–20,The Five Boroughs,Female,Multiple times a day,"I mostly come across news passively (social media, conversations, or notifications)","Short-form videos (TikTok, Instagram Reels, YouTube Shorts)",Afternoon,Definitely yes,0
1,1,0,0,1,0,0,0,0,0,1,0,0,,0,0,0,0,1,1,0,1,0,0,0,1,0,0,0,0,1,1,1,1,1,1,1,1,1,1,1,,1,1,1,1,1,1,0,0,0,1,1,1,0,0,0,,0,0,0,1,0,0,1,0,1,0,0,,N/a,21–23,Non Greater Metro,Female,A few times a week,"I mostly come across news passively (social media, conversations, or notifications)","Social feeds & stories (Instagram, Twitter/X)",Afternoon,Probably yes,1
1,1,0,0,1,0,1,1,0,0,0,0,0,,1,1,1,0,1,1,1,0,0,1,0,0,0,0,1,0,1,1,1,1,0,1,1,1,1,1,0,,1,0,0,0,0,1,1,0,0,0,1,0,0,0,0,,1,0,1,0,1,0,0,0,0,0,0,,,18–20,The Five Boroughs,Male,A few times a week,"I mostly come across news passively (social media, conversations, or notifications)","Short-form videos (TikTok, Instagram Reels, YouTube Shorts)",Evening,Probably not,0
0,0,1,1,1,0,0,0,0,0,0,0,0,,0,0,0,1,0,0,1,0,0,1,0,0,1,1,0,0,0,1,0,0,0,1,1,1,1,1,1,,1,0,1,0,0,0,1,0,0,0,0,0,0,0,0,,0,0,1,0,1,0,0,0,1,0,0,,,18–20,Long Island,Male,A few times a week,A mix of both active and passive engagement,Headlines with brief summaries,Afternoon,Probably yes,0
1,1,0,0,1,0,0,0,0,0,0,0,0,,1,1,1,0,1,0,0,0,0,0,0,1,1,0,0,0,1,0,1,0,1,1,1,1,1,1,1,,0,0,0,0,0,0,0,0,0,0,0,0,0,0,0,,1,0,0,0,1,0,0,0,1,1,0,,,18–20,New Jersey,Male,Multiple times a day,"I mostly come across news passively (social media, conversations, or notifications)",Long-form articles,Evening,Probably not,0
1,0,0,1,0,0,0,0,0,1,0,0,0,,1,1,0,1,0,0,1,0,0,0,0,0,1,1,0,0,1,0,1,0,1,1,1,1,1,1,0,,0,1,0,0,0,0,0,0,0,0,0,0,0,0,0,,1,0,1,0,1,0,0,0,0,0,0,,,18–20,The Five Boroughs,Male,Once a day,"I mostly come across news passively (social media, conversations, or notifications)","Short-form videos (TikTok, Instagram Reels, YouTube Shorts)",Morning,Probably yes,0
1,0,0,0,0,0,0,0,0,0,0,0,0,,1,0,0,0,0,0,0,0,0,0,0,1,0,0,0,0,1,0,0,0,0,1,1,1,1,1,1,,1,0,0,0,0,1,0,0,0,0,0,0,0,0,0,,1,1,0,0,0,0,0,0,0,0,0,,,18–20,Long Island,Male,Multiple times a day,I actively seek out and read the news,"Short-form videos (TikTok, Instagram Reels, YouTube Shorts)",Morning,Might or might not,0
0,0,0,0,0,0,0,1,0,1,1,0,0,,0,0,0,0,1,0,0,1,0,0,1,0,1,0,0,0,1,1,1,1,1,1,1,1,1,1,1,,0,0,0,0,0,0,0,0,0,0,0,0,0,0,1,,1,0,0,0,1,0,0,1,0,0,0,,,18–20,Long Island,Female,Once a day,I rarely or never follow the news,Interactive visuals/infographics,Late Night,Probably not,0
1,0,1,0,1,0,0,0,0,0,0,0,0,,1,0,0,0,0,0,0,0,0,0,0,1,0,0,0,0,1,0,1,0,1,1,1,1,1,1,1,,0,0,0,0,0,0,0,0,0,0,1,0,0,0,0,,0,1,0,0,1,0,0,1,0,0,0,,Not really,21–23,The Five Boroughs,Female,Multiple times a day,"I mostly come across news passively (social media, conversations, or notifications)","Short-form videos (TikTok, Instagram Reels, YouTube Shorts)",Morning,Probably yes,0
1,0,1,1,1,0,0,0,0,0,0,0,0,,1,1,1,0,1,0,0,1,0,1,0,0,0,0,1,0,1,0,1,0,1,1,1,1,1,1,0,,0,0,0,0,0,0,0,0,0,0,0,0,0,0,1,Not a sports guy,0,1,0,0,1,0,0,0,0,1,0,,"Unbiased views, or views from multiple parties",18–20,The Five Boroughs,Male,A few times a week,A mix of both active and passive engagement,"Social feeds & stories (Instagram, Twitter/X)",Evening,Definitely yes,1
1,1,0,0,0,0,1,0,1,0,1,1,0,,1,1,0,0,1,0,1,1,0,0,0,1,0,0,0,0,1,0,0,1,1,1,1,1,1,1,1,,0,1,1,0,0,1,0,0,0,0,1,0,0,0,0,,1,0,0,0,0,1,0,1,0,0,0,,,18–20,Long Island,Female,Once a day,"I mostly come across news passively (social media, conversations, or notifications)","Short-form videos (TikTok, Instagram Reels, YouTube Shorts)",Afternoon,Definitely yes,0
1,1,0,0,1,1,1,0,0,0,0,0,0,,1,1,1,0,0,0,1,1,1,1,1,1,0,0,0,0,1,1,1,1,0,1,1,1,1,1,1,,1,0,1,0,0,0,0,0,0,0,1,1,0,0,0,,1,0,0,0,0,1,0,1,0,0,0,,,18–20,The Five Boroughs,Female,Multiple times a day,I actively seek out and read the news,"Short-form videos (TikTok, Instagram Reels, YouTube Shorts)",Morning,Definitely yes,0
0,0,0,0,0,0,0,0,0,0,1,0,0,,1,1,0,1,0,0,0,0,1,0,0,0,0,1,0,0,1,0,0,0,1,1,1,1,1,1,0,,0,0,0,0,0,0,0,0,0,0,1,0,0,0,0,,1,0,0,0,0,1,0,1,0,0,0,,,18–20,The Five Boroughs,Female,Once a day,"I mostly come across news passively (social media, conversations, or notifications)",Interactive visuals/infographics,Morning,Probably yes,0
1,0,0,0,0,0,0,0,1,0,1,0,0,,1,1,1,0,1,1,1,1,0,0,0,1,0,0,0,0,1,1,1,1,1,1,1,1,1,1,1,,0,1,1,0,1,1,0,0,1,0,1,1,0,0,0,,1,0,0,1,0,0,1,0,0,0,0,,,18–20,The Five Boroughs,Female,Multiple times a day,A mix of both active and passive engagement,Long-form articles,Afternoon,Definitely yes,1
1,1,1,0,0,0,0,0,1,0,0,0,0,,1,0,0,0,1,0,0,0,1,1,0,1,0,0,1,0,0,0,1,0,1,1,1,1,1,1,1,,0,1,1,0,0,1,0,0,0,0,1,0,1,0,0,,0,0,0,0,1,1,0,0,1,0,0,,I like short form videos,18–20,The Five Boroughs,Male,Once a day,"I mostly come across news passively (social media, conversations, or notifications)","Short-form videos (TikTok, Instagram Reels, YouTube Shorts)",Evening,Might or might not,1
1,0,0,0,0,0,1,0,0,1,1,1,0,,0,0,0,0,1,0,1,1,1,0,0,1,0,1,0,0,1,0,1,1,1,1,1,1,1,1,1,,0,1,0,0,0,0,0,0,0,0,1,0,0,0,0,,1,0,1,0,0,0,0,0,0,1,0,,"I think the video content makes it more engaging. Young adults are busy with schoolwork and other responsibilities, and often don’t want to read extensive articles to absorb information. Rather, they typically prefer to relax and absorb information through more passive means.",18–20,Long Island,Female,Multiple times a day,"I mostly come across news passively (social media, conversations, or notifications)","Social feeds & stories (Instagram, Twitter/X)",Evening,Probably yes,0
1,1,0,0,0,0,1,0,0,0,0,1,0,,1,0,0,0,1,1,1,1,0,0,0,1,0,0,0,0,1,1,1,0,1,1,1,1,1,1,1,,1,0,1,0,0,0,1,0,0,1,1,1,0,0,0,,1,0,1,1,0,0,0,0,0,0,0,,relatable topics ,18–20,The Five Boroughs,Female,Multiple times a day,"I mostly come across news passively (social media, conversations, or notifications)","Social feeds & stories (Instagram, Twitter/X)",Afternoon,Probably yes,0
1,0,0,0,0,0,0,0,0,0,0,0,0,,0,1,0,0,1,0,1,1,0,0,0,0,0,0,1,0,1,0,0,1,0,1,1,1,1,1,1,,1,0,0,0,0,0,0,0,0,0,0,0,0,0,0,,1,0,1,0,0,0,0,0,0,1,0,,,18–20,The Five Boroughs,Female,A few times a week,A mix of both active and passive engagement,Headlines with brief summaries,Morning,Probably yes,0
1,1,0,0,0,0,1,0,0,0,0,1,0,,1,0,0,0,1,1,1,1,0,0,0,0,0,0,1,0,0,0,1,0,0,1,1,1,1,1,1,,1,0,0,0,0,0,0,0,0,0,0,0,0,0,0,,0,0,0,1,0,1,0,0,1,0,0,,,18–20,The Five Boroughs,Female,Once a day,"I mostly come across news passively (social media, conversations, or notifications)","Social feeds & stories (Instagram, Twitter/X)",Morning,Probably yes,1
1,1,0,0,0,0,0,0,0,0,0,0,0,,0,0,0,0,0,0,0,0,0,0,1,1,0,0,0,0,1,1,1,0,1,1,1,1,1,1,1,,1,0,1,0,0,0,0,0,0,0,0,0,0,0,0,,0,0,0,1,0,1,0,0,0,0,1,,Na ,21–23,The Five Boroughs,Female,A few times a week,A mix of both active and passive engagement,"Short-form videos (TikTok, Instagram Reels, YouTube Shorts)",Late Night,Probably not,0
1,1,0,0,0,0,0,1,1,1,1,0,0,,1,0,0,0,0,1,1,1,0,0,0,0,0,0,1,0,1,1,0,1,1,1,1,1,1,1,1,,0,0,0,0,0,0,0,0,0,0,0,0,0,0,1,None ,1,1,1,0,0,0,0,0,1,1,0,,,21–23,Long Island,Female,A few times a week,A mix of both active and passive engagement,Headlines with brief summaries,Morning,Definitely yes,0
1,1,0,0,0,0,1,0,1,0,1,1,0,,1,1,1,1,1,1,1,1,0,1,0,0,0,1,0,0,1,1,1,1,1,1,1,1,1,1,0,,1,0,0,0,0,0,0,0,0,0,0,0,0,0,0,,1,0,0,0,0,0,0,0,0,0,0,,,21–23,Long Island,Female,Once a day,"I mostly come across news passively (social media, conversations, or notifications)","Short-form videos (TikTok, Instagram Reels, YouTube Shorts)",Early Morning,Definitely yes,0
1,1,0,0,0,0,0,0,0,0,0,1,0,,1,0,0,0,1,0,1,1,0,0,0,1,0,0,0,0,1,0,1,0,0,0,0,0,0,0,0,,0,1,1,0,0,1,0,0,0,0,1,0,0,0,0,,1,0,1,0,0,0,0,1,0,1,0,,,18–20,The Five Boroughs,Female,Once a day,"I mostly come across news passively (social media, conversations, or notifications)","Short-form videos (TikTok, Instagram Reels, YouTube Shorts)",Late Night,Definitely yes,0
1,1,0,0,1,0,1,0,0,0,0,0,0,,0,0,0,0,0,0,0,0,1,0,0,1,1,1,0,0,0,0,0,1,0,1,0,0,0,0,0,,0,1,0,0,0,0,0,0,0,0,0,1,0,0,0,,0,0,0,1,0,0,0,0,0,0,0,,,18–20,The Five Boroughs,Male,Once a day,"I mostly come across news passively (social media, conversations, or notifications)","Short-form videos (TikTok, Instagram Reels, YouTube Shorts)",Early Morning,Definitely not,0
1,1,1,0,1,0,0,1,0,0,0,1,0,,1,1,1,0,1,1,1,1,0,1,0,1,0,1,0,0,1,0,1,0,1,1,1,1,1,1,1,,0,0,0,0,0,0,0,0,0,0,0,1,0,0,0,,1,0,1,1,0,0,0,0,0,0,0,,"easy to read and follow, accurate and multiple sources for info",18–20,The Five Boroughs,Female,Multiple times a day,"I mostly come across news passively (social media, conversations, or notifications)","Short-form videos (TikTok, Instagram Reels, YouTube Shorts)",Late Night,Probably yes,0
0,1,0,0,0,0,1,0,0,0,0,0,0,,1,0,0,0,0,1,0,0,0,0,0,0,0,1,0,0,0,0,0,1,0,1,1,1,1,1,1,,0,0,1,1,0,0,0,0,0,0,0,1,0,0,0,,0,0,1,0,0,0,0,0,1,0,0,,,18–20,Long Island,Female,Once a month,A mix of both active and passive engagement,Headlines with brief summaries,Afternoon,Probably not,0
1,0,0,0,0,0,0,0,0,0,0,0,0,,0,0,0,1,0,0,0,0,0,0,0,1,0,0,0,0,0,0,0,1,0,1,1,1,1,1,1,,0,0,0,0,0,0,0,0,0,0,1,0,0,0,0,,0,0,0,0,0,0,0,1,1,0,0,,Noo,18–20,Long Island,Female,Once a day,"I mostly come across news passively (social media, conversations, or notifications)","Short-form videos (TikTok, Instagram Reels, YouTube Shorts)",Morning,Might or might not,0
1,1,0,0,0,0,1,1,0,0,0,0,0,,0,0,1,0,0,0,0,0,0,0,0,0,1,1,0,0,0,1,0,1,0,1,0,0,0,0,0,,0,0,1,0,0,0,0,0,0,0,0,0,0,0,0,,0,0,1,0,1,0,0,0,0,0,0,,,18–20,Long Island,Male,A few times a week,I actively seek out and read the news,"Short-form videos (TikTok, Instagram Reels, YouTube Shorts)",Early Morning,Might or might not,1
1,1,1,0,0,0,0,0,0,0,1,1,0,,1,1,0,0,1,0,1,0,0,0,0,1,0,1,0,0,1,1,0,1,0,1,1,1,1,1,0,,1,0,1,0,0,1,1,1,1,1,1,1,0,0,0,,1,1,1,0,0,1,0,0,1,0,0,,Images and bold headlines,21–23,Long Island,Female,Multiple times a day,A mix of both active and passive engagement,"Social feeds & stories (Instagram, Twitter/X)",Afternoon,Definitely yes,1
0,0,0,0,1,0,0,1,0,0,0,0,0,,1,1,0,1,0,1,0,0,0,0,0,0,1,0,0,1,1,1,1,1,1,1,1,1,1,1,1,,0,1,1,0,0,0,1,0,0,1,1,0,0,0,0,,0,0,0,0,1,0,0,1,0,0,0,,,21–23,The Five Boroughs,Male,Multiple times a day,"I mostly come across news passively (social media, conversations, or notifications)","Short-form videos (TikTok, Instagram Reels, YouTube Shorts)",Afternoon,Might or might not,0
1,1,0,0,1,1,1,0,1,0,0,0,0,,0,1,0,1,1,1,1,1,0,1,0,1,0,0,0,0,0,0,0,1,0,1,1,1,1,1,1,,0,1,0,0,0,0,0,0,0,0,0,0,0,0,0,,1,0,0,0,0,0,0,0,0,0,0,,,18–20,Long Island,Female,Multiple times a day,"I mostly come across news passively (social media, conversations, or notifications)","Social feeds & stories (Instagram, Twitter/X)",Late Night,Probably yes,0
0,0,1,0,0,0,0,1,1,0,1,0,0,,1,1,0,0,1,1,0,0,1,0,0,0,1,1,0,0,1,0,0,0,1,1,1,1,1,1,1,AP News,0,0,1,0,1,0,0,0,0,0,1,1,0,0,0,,0,1,1,0,0,0,0,0,1,0,0,,,21–23,New Jersey,Female,Multiple times a day,A mix of both active and passive engagement,"Short-form videos (TikTok, Instagram Reels, YouTube Shorts)",Morning,Might or might not,0
1,1,0,0,0,0,0,0,0,0,0,0,0,,1,1,0,0,0,0,0,0,0,0,0,0,0,0,1,0,1,1,1,1,1,1,1,1,1,1,1,,1,1,0,0,0,0,1,0,0,1,1,0,0,0,0,,1,1,1,0,0,0,0,0,0,0,0,,no,18–20,Long Island,Female,Never,"I mostly come across news passively (social media, conversations, or notifications)",Podcasts/Radio,Evening,Probably yes,0
1,1,0,0,0,0,0,0,0,0,0,0,0,,0,0,1,0,1,0,1,0,0,1,0,1,0,0,0,0,1,1,0,0,0,1,1,1,1,1,1,,1,1,0,0,0,1,1,0,0,0,1,0,0,0,0,,1,0,1,0,0,1,0,0,0,0,0,,,18–20,Non Greater Metro,Female,A few times a week,"I mostly come across news passively (social media, conversations, or notifications)","Short-form videos (TikTok, Instagram Reels, YouTube Shorts)",Afternoon,Definitely yes,0
0,1,1,0,0,0,0,1,0,0,1,0,0,,1,1,1,0,0,0,0,0,0,0,0,0,1,1,0,1,1,0,1,1,1,1,1,1,1,1,1,,1,1,0,0,0,0,0,0,0,0,1,0,0,0,0,,1,0,0,0,0,1,0,0,0,1,0,,,21–23,Long Island,Male,A few times a week,A mix of both active and passive engagement,"Short-form videos (TikTok, Instagram Reels, YouTube Shorts)",Evening,Definitely yes,0
1,0,0,0,0,0,0,0,0,0,0,0,0,,1,1,1,0,0,0,0,0,0,0,0,0,0,0,1,0,1,1,1,1,1,1,1,1,1,1,1,,0,0,1,0,0,0,1,0,0,0,1,0,0,0,0,,1,1,1,1,1,0,0,0,0,0,0,,,18–20,Long Island,Male,Never,I rarely or never follow the news,"Social feeds & stories (Instagram, Twitter/X)",Late Night,Probably not,0
1,1,0,0,1,0,0,0,0,0,1,0,0,,0,1,1,0,0,0,0,1,0,0,0,1,0,0,0,0,1,0,0,0,0,1,0,0,0,0,0,,1,0,1,0,0,0,1,0,0,1,1,1,0,0,0,,1,0,1,0,0,1,0,0,0,0,0,,,18–20,Long Island,Female,Multiple times a day,"I mostly come across news passively (social media, conversations, or notifications)",Interactive visuals/infographics,Evening,Probably yes,0
1,0,0,1,1,0,0,0,1,0,1,0,0,,1,1,1,1,0,0,0,0,0,0,0,0,1,1,0,1,1,1,1,1,1,1,1,1,1,1,1,,0,1,0,0,0,0,0,0,0,0,1,1,0,0,0,,0,0,1,0,0,1,1,1,1,1,0,,,21–23,The Five Boroughs,Female,Multiple times a day,I actively seek out and read the news,Podcasts/Radio,Evening,Definitely yes,1
1,1,1,0,0,0,0,0,0,0,1,0,0,,1,0,1,0,1,0,0,1,0,0,0,1,0,0,0,0,1,0,0,0,0,1,0,0,0,0,0,,0,0,0,0,0,0,0,0,0,0,0,0,0,0,0,,1,0,1,1,0,0,1,0,0,1,0,,,18–20,The Five Boroughs,Female,A few times a week,"I mostly come across news passively (social media, conversations, or notifications)","Short-form videos (TikTok, Instagram Reels, YouTube Shorts)",Late Night,Probably yes,1
1,1,1,1,1,0,0,1,0,0,1,1,0,,0,0,0,1,1,1,0,0,0,0,0,0,1,1,0,0,1,1,1,1,1,1,1,1,1,1,0,,1,0,1,0,0,1,1,0,0,0,1,0,0,0,0,,1,1,0,1,1,0,0,1,0,1,0,,,18–20,Long Island,Male,Once a day,"I mostly come across news passively (social media, conversations, or notifications)","Social feeds & stories (Instagram, Twitter/X)",Afternoon,Probably yes,0
1,1,1,1,0,0,0,1,1,0,1,0,0,,1,1,1,1,0,1,1,0,0,1,0,0,0,1,0,0,1,1,0,0,1,1,1,1,1,1,0,,1,0,1,0,0,0,0,0,0,0,1,0,1,1,0,,0,0,0,0,0,0,0,0,0,0,0,,,18–20,The Five Boroughs,Male,Multiple times a day,I actively seek out and read the news,Podcasts/Radio,Evening,Might or might not,1
1,1,0,0,0,0,0,0,0,0,1,1,0,,1,1,1,0,0,0,0,0,0,1,0,0,0,0,0,0,1,1,1,0,1,1,1,1,1,1,1,,0,0,1,0,0,0,0,0,0,1,0,0,0,0,0,,1,0,0,0,0,0,0,1,1,0,0,,honestly just unbiased news. opinions are okay sometimes so long as there is an opposing viewpoint ,18–20,The Five Boroughs,Male,Multiple times a day,I actively seek out and read the news,Interactive visuals/infographics,Early Morning,Definitely not,0
0,1,0,0,1,0,0,0,0,0,0,0,0,,1,0,0,0,0,0,0,0,0,0,1,0,0,1,0,0,1,0,0,0,0,1,1,1,1,1,1,,0,0,0,0,0,0,0,0,0,0,0,0,0,0,1,,1,0,1,0,0,0,0,0,0,0,0,,,18–20,The Five Boroughs,Non-binary,Once a month,I rarely or never follow the news,"Short-form videos (TikTok, Instagram Reels, YouTube Shorts)",Early Morning,Might or might not,0
1,0,1,0,1,0,0,1,0,0,0,0,0,,1,1,0,1,0,1,1,0,0,1,0,1,0,0,0,0,1,1,1,0,0,1,1,1,1,1,1,,0,0,0,0,0,0,0,0,0,0,0,0,0,0,1,,0,0,0,0,0,0,0,0,0,0,1,,,18–20,New Jersey,Male,Once a day,"I mostly come across news passively (social media, conversations, or notifications)",Long-form articles,Late Night,Might or might not,1
1,1,1,1,1,0,0,0,0,0,0,0,0,,0,0,0,0,1,0,0,0,0,0,1,0,1,1,0,0,1,0,1,0,1,1,1,1,1,1,1,,0,0,0,0,0,0,0,0,0,0,0,0,0,0,1,none,0,0,1,0,0,0,0,0,0,0,0,,,18–20,The Five Boroughs,Female,A few times a week,"I mostly come across news passively (social media, conversations, or notifications)","Social feeds & stories (Instagram, Twitter/X)",Evening,Might or might not,0
1,1,0,0,0,0,0,0,0,0,1,0,0,,0,1,1,0,0,0,0,0,0,0,0,0,0,0,0,1,1,1,1,1,1,1,1,1,1,1,0,,0,0,0,0,0,0,0,0,0,0,0,0,0,0,1,I don’t care about sports,0,0,0,0,0,0,0,0,0,1,0,,,18–20,Long Island,Female,Multiple times a day,A mix of both active and passive engagement,Long-form articles,Evening,Definitely not,0
1,1,0,0,0,0,0,0,0,0,0,0,0,,1,0,0,0,0,0,0,0,0,0,0,0,0,1,0,0,1,0,0,0,0,1,1,1,1,1,0,,1,0,0,0,0,0,0,0,0,0,0,0,0,0,0,,1,1,1,0,0,0,0,0,0,0,0,,Not really,18–20,The Five Boroughs,Male,A few times a week,A mix of both active and passive engagement,Podcasts/Radio,Early Morning,Probably not,0
1,0,0,0,0,0,0,0,0,0,0,0,0,,0,0,0,1,0,1,0,0,0,0,0,1,1,0,0,0,0,0,0,0,1,1,1,1,1,1,0,,0,1,0,0,0,0,0,0,0,0,1,0,0,0,0,,0,0,0,0,1,0,1,0,0,1,0,,,18–20,The Five Boroughs,Male,Once a day,"I mostly come across news passively (social media, conversations, or notifications)","Short-form videos (TikTok, Instagram Reels, YouTube Shorts)",Evening,Definitely yes,0
1,1,1,0,0,0,0,0,0,0,1,1,0,,0,1,0,0,1,0,0,0,0,0,0,1,0,0,0,0,1,1,1,0,1,1,1,1,1,1,0,,0,0,0,0,0,0,0,0,0,0,1,1,0,0,0,,1,1,0,1,0,1,1,1,1,1,0,,,18–20,The Five Boroughs,Female,Multiple times a day,"I mostly come across news passively (social media, conversations, or notifications)",Headlines with brief summaries,Afternoon,Probably yes,1
1,1,0,0,0,0,0,0,0,0,0,0,0,,1,0,0,0,0,1,0,0,0,0,0,1,0,0,0,0,1,1,1,1,1,1,1,1,1,1,1,,0,0,0,0,0,0,0,0,0,0,0,1,0,1,0,,1,0,1,0,0,0,0,0,0,0,0,,Not really ,18–20,Long Island,Female,A few times a week,"I mostly come across news passively (social media, conversations, or notifications)","Social feeds & stories (Instagram, Twitter/X)",Evening,Might or might not,0
1,0,0,0,1,0,0,1,0,0,1,0,0,,0,1,0,1,0,1,0,0,0,0,0,1,0,0,0,0,1,0,1,0,1,1,1,1,1,1,1,,0,0,0,0,0,0,1,0,0,0,0,0,0,0,0,,0,1,0,0,0,0,0,0,0,0,0,,Idk,18–20,Non Greater Metro,Male,Once a day,A mix of both active and passive engagement,Podcasts/Radio,Afternoon,Might or might not,1
1,1,0,0,1,0,0,0,0,0,0,0,0,,0,0,1,0,0,0,0,0,0,0,0,0,0,1,1,0,1,0,0,0,1,1,0,0,0,0,0,,1,0,0,0,0,0,1,0,0,0,1,0,0,0,0,,0,0,1,1,0,0,0,0,0,0,0,,,18–20,The Five Boroughs,Male,Once a month,I rarely or never follow the news,"Short-form videos (TikTok, Instagram Reels, YouTube Shorts)",Evening,Probably yes,0
1,1,0,0,0,0,0,0,0,0,0,0,0,,0,0,0,0,1,0,1,0,0,0,0,1,0,1,0,0,1,0,1,0,1,1,1,1,1,1,1,,0,0,0,0,0,0,0,0,0,0,0,0,0,0,1,,0,0,1,0,0,0,1,1,1,0,0,,,18–20,Long Island,Female,Once a month,"I mostly come across news passively (social media, conversations, or notifications)","Short-form videos (TikTok, Instagram Reels, YouTube Shorts)",Late Night,Probably yes,0
1,0,0,0,0,0,0,0,0,0,0,0,0,,0,0,0,0,0,0,1,0,0,0,0,0,1,0,0,0,0,0,0,1,0,1,1,1,1,1,1,,0,0,0,0,0,0,0,0,0,0,0,1,0,0,0,,0,0,0,0,0,1,0,0,0,0,0,,20 ,18–20,Non Greater Metro,Female,Once a day,I actively seek out and read the news,Headlines with brief summaries,Morning,Might or might not,1
1,0,1,0,0,0,0,0,0,0,1,0,0,,1,1,0,0,0,1,1,0,0,0,0,0,0,0,0,1,1,0,0,0,0,1,0,0,0,0,0,,0,0,0,0,0,1,0,0,0,0,1,0,0,0,0,,1,0,0,0,1,0,0,0,0,1,0,,"Not a positive, but extremist/over-exaggerated headlines definitely draw in this demographic",21–23,The Five Boroughs,Male,Once a day,A mix of both active and passive engagement,Long-form articles,Afternoon,Might or might not,1
1,1,1,0,0,0,0,0,0,0,0,0,0,,0,0,0,0,1,0,0,1,0,0,0,1,0,0,0,0,1,1,1,0,0,1,1,1,1,1,1,,0,0,0,0,0,0,1,0,0,0,0,0,0,0,0,,0,0,1,0,0,0,0,0,0,0,0,,,18–20,The Five Boroughs,Female,Once a day,"I mostly come across news passively (social media, conversations, or notifications)","Social feeds & stories (Instagram, Twitter/X)",Late Night,Might or might not,0
1,1,1,0,0,0,0,1,1,1,1,0,0,,1,1,1,0,1,0,1,0,0,1,0,0,1,0,0,0,1,1,0,0,0,1,1,1,0,1,0,,0,0,1,0,0,0,0,0,0,0,1,1,0,0,0,,1,1,0,0,0,1,0,0,0,0,0,,,18–20,The Five Boroughs,Female,Multiple times a day,I actively seek out and read the news,Headlines with brief summaries,Morning,Probably yes,0
1,1,0,0,1,0,0,0,0,0,1,0,0,,1,0,0,1,0,1,0,0,0,0,1,0,0,0,1,0,1,0,0,0,0,1,0,0,0,0,0,,0,0,0,0,0,0,0,0,0,0,0,0,0,0,0,,1,0,1,1,0,1,0,1,0,0,0,,,,The Five Boroughs,Female,Once a day,A mix of both active and passive engagement,"Social feeds & stories (Instagram, Twitter/X)",Afternoon,Probably yes,0
0,0,0,1,0,0,0,0,1,0,0,0,0,,0,1,0,0,0,0,0,0,0,1,1,1,0,0,0,0,0,0,1,0,0,1,1,1,1,1,1,,1,0,1,0,0,0,0,0,0,0,0,0,0,0,0,,0,0,1,0,0,0,0,0,0,0,0,,,18–20,Long Island,Male,Multiple times a day,A mix of both active and passive engagement,Headlines with brief summaries,Afternoon,Probably not,0
1,1,0,0,1,0,0,0,0,0,0,0,0,,0,0,0,0,0,0,1,0,1,0,0,1,1,0,0,0,0,0,0,0,1,1,1,1,1,1,1,,1,1,1,0,1,0,1,0,0,0,0,0,0,0,0,,0,0,1,1,0,0,0,0,1,0,0,,,18–20,Westchester,Male,Multiple times a day,A mix of both active and passive engagement,Podcasts/Radio,Morning,Definitely yes,0
1,1,0,0,0,0,0,1,1,0,1,1,0,,1,1,0,1,1,1,1,1,0,0,0,1,0,0,0,0,0,0,0,1,0,1,1,1,1,1,1,,0,0,1,0,0,0,0,0,0,0,0,0,0,0,0,,0,0,1,1,0,0,0,0,0,1,0,,,18–20,Long Island,Male,A few times a week,A mix of both active and passive engagement,"Social feeds & stories (Instagram, Twitter/X)",Evening,Probably yes,1
1,0,0,0,1,0,0,1,1,1,1,0,0,,1,1,1,1,0,0,0,0,1,1,0,1,0,0,0,1,1,1,1,0,1,1,1,1,1,1,0,,0,0,0,0,0,0,0,0,0,0,0,0,0,0,0,,1,0,1,0,0,0,0,0,1,0,0,,,18–20,The Five Boroughs,Female,Once a day,I actively seek out and read the news,"Short-form videos (TikTok, Instagram Reels, YouTube Shorts)",Evening,Probably yes,1
1,0,0,0,0,0,0,0,0,0,0,0,0,,0,1,1,1,0,0,0,0,0,0,0,1,0,0,0,0,1,1,1,0,1,0,0,0,0,0,0,,0,0,0,0,0,0,0,0,0,0,0,0,0,0,0,,0,0,0,0,0,0,0,0,0,0,0,,,18–20,The Five Boroughs,Male,Multiple times a day,"I mostly come across news passively (social media, conversations, or notifications)","Short-form videos (TikTok, Instagram Reels, YouTube Shorts)",Afternoon,Probably not,0
1,1,0,0,0,0,0,1,0,0,0,0,0,,0,1,1,0,0,0,0,0,0,0,0,0,0,1,0,0,0,0,1,0,0,1,1,1,1,1,1,,1,1,0,0,0,0,0,0,0,0,0,0,0,0,0,,0,0,0,0,0,1,0,0,0,0,0,,,18–20,Long Island,Female,Once a month,I rarely or never follow the news,"Short-form videos (TikTok, Instagram Reels, YouTube Shorts)",Late Night,Probably yes,0
1,0,0,0,0,0,0,0,0,0,0,0,0,,1,0,0,0,0,0,0,0,0,0,0,1,0,0,0,0,1,0,0,0,0,1,1,1,1,0,0,,0,1,0,1,0,0,0,0,0,0,0,0,0,0,0,,1,0,0,0,0,0,1,0,0,1,0,,,18–20,The Five Boroughs,Female,Multiple times a day,I actively seek out and read the news,"Short-form videos (TikTok, Instagram Reels, YouTube Shorts)",Early Morning,Definitely not,1
1,1,0,0,0,0,1,0,0,0,0,0,0,,1,0,1,0,0,1,0,0,0,1,0,1,0,0,0,0,1,0,0,0,0,1,1,1,1,1,1,,0,1,0,0,0,0,0,0,1,0,0,0,0,0,0,,0,1,0,0,0,0,0,0,0,0,0,,,18–20,The Five Boroughs,Female,Multiple times a day,I actively seek out and read the news,Interactive visuals/infographics,Afternoon,Probably not,0
0,1,0,0,0,0,0,0,0,0,0,0,0,,0,0,0,0,0,0,0,0,0,0,1,1,0,0,0,0,1,0,0,0,0,1,1,0,0,0,0,,0,0,0,0,0,0,0,0,0,0,0,0,0,0,0,,0,0,0,0,0,0,0,0,0,0,0,,,18–20,The Five Boroughs,Female,Once a day,"I mostly come across news passively (social media, conversations, or notifications)","Short-form videos (TikTok, Instagram Reels, YouTube Shorts)",Afternoon,Might or might not,0
1,1,0,0,0,0,1,0,0,0,0,0,0,,0,0,0,0,0,0,1,0,0,0,0,1,0,0,0,0,1,0,0,0,1,1,1,1,1,1,1,,0,0,0,0,0,0,0,0,0,0,0,0,0,0,1,,1,0,0,0,0,1,0,0,0,1,0,,,18–20,The Five Boroughs,Male,Once a day,I rarely or never follow the news,"Short-form videos (TikTok, Instagram Reels, YouTube Shorts)",Afternoon,Might or might not,0
1,1,0,0,0,0,1,1,1,0,1,1,0,,0,1,0,0,0,0,0,0,0,0,0,1,0,0,0,0,1,0,0,0,0,1,1,1,1,1,0,,1,0,1,0,0,1,0,0,0,0,1,0,0,0,0,,1,1,0,0,0,0,0,0,0,0,0,,,18–20,The Five Boroughs,Female,Multiple times a day,I actively seek out and read the news,Podcasts/Radio,Morning,Definitely yes,0
1,1,0,0,0,0,0,0,0,0,0,0,0,,0,0,0,0,0,1,0,0,0,0,0,1,0,0,0,0,1,1,1,0,1,1,1,1,0,0,0,,0,0,1,0,0,0,0,0,0,1,0,0,0,0,0,,0,0,0,0,0,0,0,0,1,0,0,,No,18–20,The Five Boroughs,Female,Once a month,A mix of both active and passive engagement,"Short-form videos (TikTok, Instagram Reels, YouTube Shorts)",Morning,Probably yes,0
1,1,0,0,1,0,0,1,1,0,0,0,0,,1,1,0,0,0,1,0,0,0,0,0,1,0,0,0,0,1,1,0,0,1,1,1,1,1,1,1,,0,0,0,0,0,0,0,0,0,0,0,0,0,0,0,,0,0,0,0,0,0,0,0,0,0,0,,,18–20,Long Island,Female,A few times a week,A mix of both active and passive engagement,"Short-form videos (TikTok, Instagram Reels, YouTube Shorts)",Evening,Probably yes,0
1,1,1,0,0,0,0,0,0,0,0,0,0,,0,0,0,1,1,1,1,1,0,0,0,1,0,0,0,0,0,0,0,0,1,1,1,1,1,1,1,,1,0,1,0,0,0,0,0,0,0,0,0,0,0,0,,0,0,1,1,0,0,0,1,0,0,0,,,21–23,Long Island,Male,Once a day,A mix of both active and passive engagement,"Short-form videos (TikTok, Instagram Reels, YouTube Shorts)",Morning,Probably yes,0
1,1,1,0,1,0,0,1,1,0,0,0,0,,1,1,1,0,1,1,0,1,0,0,0,1,1,0,0,0,1,1,1,0,1,1,1,1,1,1,1,,1,0,1,0,0,0,0,1,0,0,1,0,0,0,0,,0,1,1,0,0,0,0,0,1,0,0,,Good engagement through making it easier to understand concepts. Quick and straight to the point.,18–20,The Five Boroughs,Male,A few times a week,"I mostly come across news passively (social media, conversations, or notifications)",Podcasts/Radio,Evening,Might or might not,0
1,1,0,0,1,0,0,1,0,0,1,1,0,,1,0,1,0,1,0,0,1,1,0,0,1,0,1,0,0,1,0,1,0,0,1,1,1,1,1,1,TikTok ,0,0,0,0,0,0,0,0,0,0,0,0,0,0,0,,1,0,1,1,0,0,0,0,0,0,0,,,18–20,The Five Boroughs,Female,Once a day,"I mostly come across news passively (social media, conversations, or notifications)","Short-form videos (TikTok, Instagram Reels, YouTube Shorts)",Late Night,Probably yes,0
1,1,1,0,0,0,0,0,0,1,1,0,0,,1,1,1,0,1,0,0,0,0,0,0,1,0,0,0,0,1,0,1,0,1,1,1,1,1,1,1,,0,0,1,0,0,0,0,0,0,0,0,0,0,0,0,,1,0,0,1,1,0,0,0,0,0,0,,,18–20,Non Greater Metro,Female,Once a day,"I mostly come across news passively (social media, conversations, or notifications)","Social feeds & stories (Instagram, Twitter/X)",Morning,Probably not,0
1,1,0,0,0,0,0,0,1,0,0,1,0,,1,0,0,1,0,0,1,0,0,1,0,1,0,0,0,0,1,0,0,0,0,1,1,1,1,1,1,,1,0,1,1,0,0,0,0,0,0,1,0,0,0,0,,1,1,0,0,0,0,0,0,1,0,0,,,18–20,The Five Boroughs,Female,A few times a week,"I mostly come across news passively (social media, conversations, or notifications)","Short-form videos (TikTok, Instagram Reels, YouTube Shorts)",Evening,Probably yes,0
1,1,0,0,0,0,1,0,0,0,1,1,0,,1,0,1,0,1,1,0,0,0,0,0,1,0,1,0,0,1,1,1,0,0,1,1,1,0,0,0,,1,1,0,0,0,0,0,0,0,0,1,1,0,0,0,,1,0,1,0,0,0,0,1,0,0,0,,,18–20,The Five Boroughs,Female,Once a day,A mix of both active and passive engagement,Interactive visuals/infographics,Afternoon,Probably yes,1
1,1,0,0,0,0,0,0,0,0,0,0,0,,0,0,0,0,0,0,0,1,0,0,0,1,0,1,0,0,1,0,0,0,0,1,1,1,1,1,1,,1,0,0,0,0,0,0,0,0,0,0,0,0,0,0,,0,0,1,0,0,0,0,0,1,0,0,,,18–20,Non Greater Metro,Female,Once a month,"I mostly come across news passively (social media, conversations, or notifications)","Short-form videos (TikTok, Instagram Reels, YouTube Shorts)",Morning,Definitely yes,0
0,1,0,0,0,0,0,0,0,0,1,0,0,,0,1,0,0,1,0,0,0,0,0,0,0,0,0,1,0,1,1,1,0,0,1,1,1,1,1,1,,1,1,1,1,0,1,1,0,0,0,0,0,0,0,0,,0,0,1,0,0,0,0,0,0,0,0,,No I do not.,18–20,The Five Boroughs,Female,Once a day,"I mostly come across news passively (social media, conversations, or notifications)",Headlines with brief summaries,Afternoon,Probably not,1
1,0,1,0,1,0,0,0,1,1,0,0,0,,1,0,0,0,0,0,0,0,0,1,0,1,0,0,0,0,1,0,0,0,1,1,1,1,1,1,1,,0,1,0,0,0,0,0,0,0,0,0,0,0,0,0,,0,0,1,1,0,0,1,0,0,1,0,,I guess how honest it is,21–23,The Five Boroughs,Male,Multiple times a day,A mix of both active and passive engagement,Interactive visuals/infographics,Evening,Probably yes,0
1,1,0,0,1,0,0,1,0,0,1,0,0,,1,0,0,0,0,0,1,1,0,0,0,1,0,0,0,0,1,1,1,0,0,1,1,1,1,1,1,,1,1,1,0,0,0,0,0,0,0,0,0,0,0,0,,0,1,0,0,0,1,0,1,0,0,0,,,21–23,The Five Boroughs,Female,A few times a week,A mix of both active and passive engagement,"Social feeds & stories (Instagram, Twitter/X)",Late Night,Might or might not,0
1,1,0,0,0,0,0,1,0,0,1,0,0,,1,1,0,1,0,1,0,0,0,1,0,1,0,0,0,0,1,1,1,0,1,1,1,1,1,1,0,,0,1,0,1,0,1,0,0,0,1,1,0,0,0,0,,1,0,1,0,0,0,0,0,1,0,0,,Make it ready to go and straight to the point. This grabs the attention quick and they are more likely to stay longer it’s a lengthy video ,21–23,The Five Boroughs,Male,Multiple times a day,"I mostly come across news passively (social media, conversations, or notifications)","Short-form videos (TikTok, Instagram Reels, YouTube Shorts)",Afternoon,Might or might not,1
1,1,0,0,0,0,0,0,0,0,0,0,0,,1,1,0,0,0,0,0,0,0,0,0,0,0,1,0,0,1,0,0,0,0,1,1,1,1,1,1,,0,1,0,0,0,0,0,0,0,0,0,0,0,0,0,,0,0,0,0,0,1,0,0,0,0,0,,,18–20,Long Island,Female,Once a month,"I mostly come across news passively (social media, conversations, or notifications)","Short-form videos (TikTok, Instagram Reels, YouTube Shorts)",Evening,Probably yes,0
1,0,1,0,0,0,0,1,0,0,0,0,0,,1,1,1,0,0,1,0,0,0,0,0,1,0,0,0,0,1,1,1,0,1,1,1,1,1,1,1,,0,0,0,1,0,1,0,0,0,0,0,0,0,0,0,,0,1,1,0,0,0,0,0,0,0,0,,,24–26,The Five Boroughs,Male,Once a day,A mix of both active and passive engagement,"Social feeds & stories (Instagram, Twitter/X)",Afternoon,Probably yes,0
0,1,0,0,0,1,0,0,1,0,1,0,0,,1,1,0,0,1,0,1,0,0,0,0,1,0,0,0,0,1,1,1,0,0,1,1,1,1,1,0,,0,0,0,0,0,0,0,0,0,0,0,0,0,0,0,,1,1,1,0,0,0,0,0,0,0,0,,,27.0,The Five Boroughs,Female,Multiple times a day,"I mostly come across news passively (social media, conversations, or notifications)","Short-form videos (TikTok, Instagram Reels, YouTube Shorts)",Afternoon,Definitely yes,0
1,1,0,0,0,0,0,0,0,0,0,0,0,,1,1,1,0,1,1,1,0,0,1,0,0,0,1,0,0,1,1,1,0,1,1,1,1,1,1,1,,0,1,0,0,0,0,0,0,0,0,0,0,0,0,0,,1,0,1,0,0,0,0,0,0,0,0,,,24–26,The Five Boroughs,Female,Multiple times a day,"I mostly come across news passively (social media, conversations, or notifications)","Social feeds & stories (Instagram, Twitter/X)",Morning,Probably yes,0
1,0,0,0,1,0,0,0,0,0,0,0,0,,1,1,1,1,1,1,1,1,0,1,0,0,0,1,0,0,1,1,1,0,1,1,1,1,1,1,1,,0,1,1,0,0,0,0,0,0,0,0,0,0,0,0,,0,1,0,0,0,0,0,0,1,1,0,,,31.0,Non Greater Metro,Female,Multiple times a day,A mix of both active and passive engagement,Podcasts/Radio,Morning,Might or might not,0
1,1,0,0,0,0,0,1,1,1,1,0,0,,0,0,0,0,1,1,1,0,0,1,0,1,1,1,1,1,0,1,0,0,0,1,1,1,1,1,1,,0,1,1,0,0,1,0,0,0,0,1,1,0,0,0,,1,0,0,1,0,0,0,1,0,0,0,,music trending songs ,21–23,Long Island,Female,A few times a week,I rarely or never follow the news,"Social feeds & stories (Instagram, Twitter/X)",Early Morning,Might or might not,1
1,0,1,0,0,0,0,0,0,0,0,0,0,,0,0,0,1,0,1,0,0,0,0,0,0,0,0,0,1,1,0,0,0,1,1,0,0,0,1,0,,0,1,1,0,0,0,0,0,0,0,1,0,1,0,0,,1,1,1,0,0,0,0,0,0,0,0,,,24–26,The Five Boroughs,Male,A few times a week,"I mostly come across news passively (social media, conversations, or notifications)","Social feeds & stories (Instagram, Twitter/X)",Evening,Might or might not,0
1,1,0,0,0,0,0,0,0,0,1,0,0,,1,0,0,0,1,0,1,1,0,0,0,0,0,1,0,0,1,0,1,0,0,1,1,1,1,1,0,,1,0,0,0,0,0,0,1,0,0,0,0,0,0,0,,1,1,1,1,1,1,0,1,0,0,0,,,21–23,The Five Boroughs,Female,Once a day,"I mostly come across news passively (social media, conversations, or notifications)",Long-form articles,Evening,Probably yes,0
0,0,0,0,0,0,0,0,1,1,1,0,0,,1,1,0,1,1,1,0,0,0,1,0,0,0,1,0,0,1,1,1,0,1,1,1,1,1,1,0,,1,0,1,0,0,1,0,1,0,0,1,1,0,0,0,,1,0,1,0,0,0,0,1,0,0,0,,,21–23,The Five Boroughs,Female,Once a day,I actively seek out and read the news,Interactive visuals/infographics,Early Morning,Might or might not,0
1,0,1,0,1,0,0,0,0,0,1,0,0,,1,1,1,0,0,1,0,0,1,1,0,1,0,0,0,0,1,0,0,0,0,1,1,1,1,1,1,,0,0,0,0,0,1,1,0,0,0,1,1,0,0,0,,1,1,1,1,0,1,0,0,0,0,0,,Games like linkedin and NYT,24–26,Long Island,Male,Multiple times a day,"I mostly come across news passively (social media, conversations, or notifications)",Headlines with brief summaries,Morning,Probably not,1
1,0,0,0,0,0,0,1,0,1,1,0,0,,1,1,1,1,0,1,0,0,0,0,0,1,0,1,0,0,1,0,1,1,1,1,0,1,1,1,0,,1,1,1,0,1,1,1,1,1,1,1,1,1,0,0,,1,1,0,0,0,0,0,0,1,0,0,,Age related trends and topics. Local events etc,24–26,The Five Boroughs,Male,Multiple times a day,A mix of both active and passive engagement,Long-form articles,Morning,Probably yes,1
1,0,1,0,0,0,0,0,0,0,0,1,0,,1,0,0,0,1,1,1,1,0,1,0,1,0,0,0,0,1,1,1,1,0,1,1,1,1,1,1,,1,0,1,1,0,1,0,0,0,0,1,0,0,0,0,,1,0,1,0,0,0,0,1,0,0,0,,,21–23,Long Island,Male,A few times a week,"I mostly come across news passively (social media, conversations, or notifications)","Social feeds & stories (Instagram, Twitter/X)",Afternoon,Might or might not,0
1,1,0,0,1,1,0,0,1,0,1,0,0,,1,0,0,0,0,0,1,1,1,0,0,1,0,0,0,0,1,0,1,0,1,1,1,1,1,1,1,,1,0,0,0,0,0,0,0,0,1,1,0,0,0,0,,1,0,1,0,1,0,0,0,0,0,0,,Quick bites of news like The Daily Skimm,24–26,The Five Boroughs,Female,Multiple times a day,I actively seek out and read the news,Headlines with brief summaries,Afternoon,Probably yes,1
1,1,0,0,0,0,0,0,0,0,1,0,0,,1,1,0,0,0,1,1,1,0,0,0,0,1,1,0,0,1,1,1,0,0,1,1,1,1,1,1,,1,0,0,1,0,0,1,0,0,1,0,0,0,0,0,,0,1,0,1,0,0,0,1,0,0,0,,,21–23,The Five Boroughs,Female,A few times a week,"I mostly come across news passively (social media, conversations, or notifications)","Short-form videos (TikTok, Instagram Reels, YouTube Shorts)",Afternoon,Probably yes,0
1,0,0,0,1,0,0,1,1,0,1,1,0,,1,0,1,0,1,0,0,1,1,0,0,0,1,1,0,0,1,1,1,0,1,1,1,1,1,1,1,Broadway Briefing & Dailies ,0,0,0,0,0,0,0,0,0,0,1,0,0,0,0,,1,0,0,0,1,1,0,0,0,1,0,,,21–23,New Jersey,Female,Multiple times a day,"I mostly come across news passively (social media, conversations, or notifications)",Long-form articles,Morning,Probably not,1
1,1,0,0,0,0,0,0,1,0,1,0,0,,1,1,1,1,1,0,1,1,0,1,0,1,0,0,0,0,1,1,1,0,1,1,1,1,1,1,1,,0,1,1,0,0,0,1,0,0,0,1,0,0,0,0,,1,0,0,0,0,1,1,0,0,0,0,,No,21–23,The Five Boroughs,Female,A few times a week,"I mostly come across news passively (social media, conversations, or notifications)",Headlines with brief summaries,Morning,Probably yes,1
1,0,0,0,0,0,0,1,0,0,0,0,0,,1,1,1,1,0,1,0,0,1,0,0,0,1,0,0,0,1,1,1,1,1,1,1,1,1,1,1,,1,0,1,0,1,0,0,1,0,0,1,0,0,0,0,,1,0,0,0,0,1,0,0,1,0,0,,Make it interesting use their dialect to communicate ,29.0,New Jersey,Female,A few times a week,A mix of both active and passive engagement,Headlines with brief summaries,Early Morning,Probably yes,1
1,1,0,0,0,0,0,0,0,0,1,0,0,,1,1,0,1,1,0,0,0,0,1,0,1,0,0,0,0,1,1,1,0,1,1,1,1,1,1,0,,1,1,1,0,0,0,0,0,0,0,1,0,0,0,0,,0,0,1,0,0,0,0,1,0,0,0,,,17.0,Long Island,Male,A few times a week,A mix of both active and passive engagement,"Short-form videos (TikTok, Instagram Reels, YouTube Shorts)",Afternoon,Probably yes,1
0,0,0,1,0,0,0,0,0,1,1,0,0,,1,1,1,1,0,1,0,1,0,1,0,0,1,0,0,0,1,0,1,0,1,1,0,1,0,1,1,,0,0,1,0,0,0,0,0,0,0,1,1,0,0,1,,0,0,0,0,0,1,0,0,0,1,0,,,33.0,Long Island,Female,Multiple times a day,I actively seek out and read the news,Long-form articles,Early Morning,Probably not,0
1,1,1,1,0,0,0,0,0,0,1,1,1,,1,1,1,0,1,1,1,1,0,0,0,1,0,0,0,0,1,1,1,0,0,1,1,1,1,1,1,,1,0,0,0,0,0,1,0,0,0,1,0,0,0,0,,1,0,0,1,0,0,0,0,0,1,0,,,21–23,The Five Boroughs,Female,Multiple times a day,A mix of both active and passive engagement,"Short-form videos (TikTok, Instagram Reels, YouTube Shorts)",Afternoon,Probably yes,0
0,0,0,0,0,0,0,0,0,0,1,1,0,,0,1,1,0,0,1,0,0,0,0,0,0,1,0,0,0,1,1,1,1,1,1,1,1,1,1,1,,0,0,0,0,0,0,0,1,0,0,1,1,0,0,0,,0,0,0,0,1,0,0,0,0,0,0,,,18–20,The Five Boroughs,Female,Once a day,A mix of both active and passive engagement,Long-form articles,Morning,Probably not,0
1,1,0,0,1,0,0,1,1,1,1,0,0,,1,1,1,1,1,1,1,1,1,1,0,0,0,1,0,0,0,0,0,0,1,1,1,1,1,1,0,,0,1,0,0,0,1,0,0,0,0,1,0,1,0,0,,1,0,0,1,0,0,0,1,0,0,0,,,30.0,The Five Boroughs,Male,Multiple times a day,I actively seek out and read the news,Headlines with brief summaries,Evening,Definitely yes,1
